{
  "type": "origins:launch",
  "condition": {
    "type": "origins:resource",
    "resource": "phoenix:rebirth_state",
    "comparison": "<=",
    "compare_to": 0
  },
  "cooldown": 280,
  "hud_render": {
    "bar_index": 4
  },
  "sound": "minecraft:entity.parrot.fly",
  "speed": 2,
  "key": {
    "key": "key.origins.primary_active",
    "continuous": true
  },
  "name": "Ascent",
  "description": "You are able to launch yourself into the air. Only available in Normal Form."
}