{
    "type": "origins:multiple",
    "name": "Fireball",
    "description": "Launch a fireball that deals damage and ignites the first entity it hits.",
    "fireball":
    {
        "type": "origins:fire_projectile",
        "entity_type": "item",
        "cooldown": 200,
        "hud_render":
        {
            "should_render": true,
            "sprite_location": "origins:textures/gui/community/huang/resource_bar_02.png",
            "bar_index": 15
        },
        "count": 1,
        "interval": 0,
        "start_delay": 0,
        "speed": 1.5,
        "divergence": 0,
        "sound": "entity.blaze.shoot",
        "tag": "{NoGravity:1b,Age:5960,PickupDelay:32767,Tags:[\"edafireball\"],Item:{id:\"minecraft:magma_block\",Count:1b},\"pehkui:scale_data_types\":{\"pehkui:width\":{scale:1.5f},\"pehkui:height\":{scale:1.5f},\"pehkui:hitbox_width\":{scale:0.5f}}}",
        "key":
        {
            "key": "key.origins.secondary_active"
        }
    },
    "damage":
    {
        "type": "origins:action_over_time",
        "interval": 1,
        "entity_action":
        {
            "type": "origins:area_of_effect",
            "radius": 32,
            "bientity_condition":
            {
                "type": "origins:target_condition",
                "condition":
                {
                    "type": "origins:and",
                    "conditions":
					[
                        {
                            "type": "origins:entity_type",
                            "entity_type": "item"
                        },
                        {
                            "type": "origins:command",
                            "command": "execute if entity @s[tag=edafireball]",
                            "comparison": ">=",
                            "compare_to": 1
                        }
                    ]
                }
            },
            "bientity_action":
            {
                "type": "origins:target_action",
                "action":
                {
                    "type": "origins:and",
                    "actions":
					[
                        {
                            "type": "origins:execute_command",
                            "command": "particle minecraft:flame ~ ~.5 ~ .2 .2 .2 0 1 normal"
                        },
                        {
                            "type": "origins:area_of_effect",
                            "radius": 2,
                            "bientity_condition":
                            {
                                "type": "origins:target_condition",
                                "condition":
                                {
                                    "inverted": true,
                                    "type": "origins:command",
                                    "command": "execute if entity @s[tag=eda]",
                                    "comparison": ">=",
                                    "compare_to": 1
                                }
                            },
                            "bientity_action":
                            {
                                "type": "origins:and",
                                "actions":
								[
                                    {
                                        "type": "origins:damage",
                                        "amount": 6,
                                        "source":
                                        {
                                            "name": "inFire",
                                            "fire": true
                                        }
                                    },
                                    {
                                        "type": "origins:add_velocity",
                                        "y": 0.3,
                                        "z": 0.8,
                                        "client": true,
                                        "server": true
                                    },
                                    {
                                        "type": "origins:target_action",
                                        "action":
                                        {
                                            "type": "origins:set_on_fire",
                                            "duration": 6
                                        }
                                    },
                                    {
                                        "type": "origins:actor_action",
                                        "action":
                                        {
                                            "type": "origins:and",
                                            "actions":
											[
                                                {
                                                    "type": "origins:execute_command",
                                                    "command": "particle minecraft:flame ~ ~.5 ~ .2 .2 .2 0.1 10 normal"
                                                },
                                                {
                                                    "type": "origins:execute_command",
                                                    "command": "kill"
                                                }
                                            ]
                                        }
                                    }
                                ]
                            }
                        }
                    ]
                }
            }
        }
    },
    "tag":
    {
        "type": "origins:action_on_callback",
        "entity_action_chosen":
        {
            "type": "origins:execute_command",
            "command": "tag @s add eda"
        },
        "execute_chosen_when_orb": true,
        "entity_action_lost":
        {
            "type": "origins:execute_command",
            "command": "tag @s remove eda"
        },
        "entity_action_added":
        {
            "type": "origins:execute_command",
            "command": "tag @s add eda"
        },
        "entity_action_respawned":
        {
            "type": "origins:execute_command",
            "command": "tag @s add eda"
        }
    }
}