{
  "type": "origins:multiple",
  "elytra": {
    "type": "origins:elytra_flight",
    "render_elytra": true,
    "condition": {
      "type": "origins:resource",
      "resource": "phoenix:rebirth_state",
      "comparison": "<=",
      "compare_to": 0
    }
  },
  "flame_particle": {
    "type": "origins:particle",
    "particle": "minecraft:flame",
    "frequency": 8,
    "condition": {
      "type": "origins:resource",
      "resource": "phoenix:rebirth_state",
      "comparison": "<=",
      "compare_to": 0
    }
  },
  "name": "Flight",
  "description": "You have wings. Only available in Normal Form."
}