{
  "type": "origins:stacking_status_effect",
  "min_stacks": 0,
  "max_stacks": 1,
  "duration_per_stack": 30,
  "effects": [
    {
      "effect": "minecraft:slow_falling",
      "is_ambient": true,
      "show_particles": false,
      "show_icon": false
    },
    {
      "effect": "minecraft:jump_boost",
      "amplifier": 1,
      "is_ambient": true,
      "show_particles": false,
      "show_icon": false
    }
  ],
  "condition": {
    "type": "origins:resource",
    "resource": "phoenix:rebirth_state",
    "comparison": ">=",
    "compare_to": 1
  },
  "name": "Gliding",
  "description": "You gain slow falling and jump boost. Only available in Reborn Form."
}