{
  "type": "origins:stacking_status_effect",
  "min_stacks": 0,
  "max_stacks": 1,
  "duration_per_stack": 30,
  "effect": {
    "effect": "minecraft:speed",
    "amplifier": 0,
    "is_ambient": true,
    "show_particles": true,
    "show_icon": true
  },
  "condition": {
    "type": "origins:and",
    "conditions": [
      {
        "type": "origins:exposed_to_sun"
      },
      {
        "type": "origins:fluid_height",
        "fluid": "minecraft:water",
        "comparison": "<=",
        "compare_to": "0.0"
      },
      {
        "type": "origins:submerged_in",
        "fluid": "minecraft:water",
        "inverted": true
      }
    ]
  },
  "name": "Helios' Blessing",
  "description": "When under direct sunlight, you receive a speed boost on land and in the air."
}