{
  "type": "origins:multiple",
  "heal": {
    "type": "origins:action_over_time",
    "condition": {
      "type": "origins:resource",
      "resource": "phoenix:radiant_call_cooldown",
      "comparison": "<=",
      "compare_to": 0
    },
    "entity_action": {
      "type": "origins:and",
      "actions": [
        {
          "type": "origins:execute_command",
          "command": "function phoenix:radiant_call",
          "permission_level": 4
        },
        {
          "type": "origins:execute_command",
          "command": "playsound adaptedorigins:phoenix_call neutral @s ~ ~ ~ 1 1"
        },
        {
          "type": "origins:change_resource",
          "resource": "phoenix:rebirth_sunlight",
          "change": 216,
          "condition": {
            "type": "origins:resource",
            "resource": "phoenix:rebirth_state",
            "comparison": ">=",
            "compare_to": 1
          }
        },
        {
          "type": "origins:trigger_cooldown",
          "power": "phoenix:radiant_call_cooldown"
        }
      ]
    },
    "interval": 20
  },
  "cooldown": {
    "type": "origins:cooldown",
    "cooldown": 2400,
    "hud_render": {
      "sprite_location": "origins:textures/gui/community/spiderkolo/resource_bar_02.png",
      "bar_index": 8
    }
  },
  "reset_on_respawn": {
    "type": "origins:action_on_callback",
    "entity_action_respawned": {
      "type": "origins:change_resource",
      "resource": "phoenix:radiant_call_cooldown",
      "change": 2400
    }
  },
  "name": "Radiant Call",
  "description": "Fully heals every player and mob within a 12 block radius. Triggers automatically every 2 minutes. If you are in Reborn form, regain some progress towards Rejuvenation when this triggers."
}