{
  "type": "origins:multiple",
  "state": {
    "type": "origins:resource",
    "min": 0,
    "max": 1,
    "hud_render": {
      "should_render": false
    }
  },
  "sunlight": {
    "type": "origins:resource",
    "min": 0,
    "max": 1440,
    "start_value": 0,
    "hud_render": {
      "should_render": true,
      "sprite_location": "origins:textures/gui/community/huang/resource_bar_01.png",
      "bar_index": "14",
      "condition": {
        "type": "origins:and",
        "conditions": [
          {
            "type": "origins:resource",
            "resource": "*:*_sunlight",
            "comparison": ">",
            "compare_to": 0
          },
          {
            "type": "origins:resource",
            "resource": "*:*_sunlight",
            "comparison": "<",
            "compare_to": 1440
          },
          {
            "type": "origins:resource",
            "resource": "*:*_state",
            "comparison": ">=",
            "compare_to": 1
          }
        ]
      }
    }
  },
  "increment_sunlight": {
    "type": "origins:action_over_time",
    "entity_action": {
      "type": "origins:change_resource",
      "resource": "*:*_sunlight",
      "change": 1
    },
    "interval": 20,
    "condition": {
      "type": "origins:and",
      "conditions": [
        {
          "type": "origins:exposed_to_sun"
        },
        {
          "type": "origins:resource",
          "resource": "*:*_state",
          "comparison": ">=",
          "compare_to": 1
        }
      ]
    }
  },
  "decrement_sunlight": {
    "type": "origins:action_over_time",
    "entity_action": {
      "type": "origins:change_resource",
      "resource": "*:*_sunlight",
      "change": -1
    },
    "interval": 20,
    "condition": {
      "type": "origins:and",
      "conditions": [
        {
          "type": "origins:or",
          "conditions": [
            {
              "type": "origins:in_rain"
            },
            {
              "type": "origins:fluid_height",
              "fluid": "minecraft:water",
              "comparison": ">",
              "compare_to": 0
            }
          ]
        },
        {
          "type": "origins:resource",
          "resource": "*:*_state",
          "comparison": ">=",
          "compare_to": 1
        }
      ]
    }
  },
  "change_health": {
    "type": "origins:action_on_callback",
    "entity_action_chosen": {
      "type": "origins:execute_command",
      "command": "function phoenix:rebirth_full_size",
      "permission_level": 4
    },
    "entity_action_added": {
      "type": "origins:if_else_list",
      "actions": [
        {
          "condition": {
            "type": "origins:scoreboard",
            "objective": "TL-phoenix-state",
            "comparison": "<=",
            "compare_to": 0
          },
          "action": {
            "type": "origins:execute_command",
            "command": "function phoenix:rebirth_full_size",
            "permission_level": 4
          }
        },
        {
          "condition": {
            "type": "origins:scoreboard",
            "objective": "TL-phoenix-state",
            "comparison": ">=",
            "compare_to": 1
          },
          "action": {
            "type": "origins:execute_command",
            "command": "function phoenix:rebirth_half_size",
            "permission_level": 4
          }
        }
      ]
    },
    "entity_action_respawned": {
      "type": "origins:execute_command",
      "command": "function phoenix:rebirth_full_size",
      "permission_level": 4
    },
    "entity_action_removed": {
      "type": "origins:and",
      "actions": [
        {
          "type": "origins:execute_command",
          "command": "attribute @s minecraft:generic.max_health base set 20",
          "permission_level": 4
        },
        {
          "type": "origins:execute_command",
          "command": "scale set pehkui:height 1 @s",
          "permission_level": 4
        },
        {
          "type": "origins:execute_command",
          "command": "scale set pehkui:width 1 @s",
          "permission_level": 4
        }
      ]
    }
  },
  "prevent_death": {
    "type": "origins:prevent_death",
    "condition": {
      "type": "origins:resource",
      "resource": "phoenix:rebirth_state",
      "comparison": "<=",
      "compare_to": 0
    },
    "entity_action": {
      "type": "origins:and",
      "actions": [
        {
          "type": "origins:apply_effect",
          "effect": {
            "effect": "minecraft:absorption",
            "duration": 1,
            "amplifier": 2
          }
        },
        {
          "type": "origins:execute_command",
          "command": "function phoenix:rebirth_half_size",
          "permission_level": 4
        },
        {
          "type": "origins:heal",
          "amount": 6
        }
      ]
    }
  },
  "name": "Rebirth",
  "description": "In your Normal Form, you have more health and can use Flight and Ascent. If you lose of your health, you shrink to your Reborn Form. This form is 1 block tall, can use Glide, and has low health. You return to Normal Form upon Rejuvenation or death."
}