{
  "type": "origins:action_over_time",
  "interval": 20,
  "entity_action": {
    "type": "origins:and",
    "actions": [
      {
        "type": "origins:if_else",
        "condition": {
          "type": "origins:and",
          "conditions": [
            {
              "type": "origins:resource",
              "resource": "phoenix:rebirth_sunlight",
              "comparison": "==",
              "compare_to": 1440
            },
            {
              "type": "origins:resource",
              "resource": "phoenix:rebirth_state",
              "comparison": ">=",
              "compare_to": 1
            }
          ]
        },
        "if_action": {
          "type": "origins:and",
          "actions": [
            {
              "type": "origins:execute_command",
              "command": "function phoenix:rebirth_full_size",
              "permission_level": 4
            },
            {
              "type": "origins:heal",
              "amount": 6
            },
            {
              "type": "origins:execute_command",
              "command": "playsound adaptedorigins:phoenix_call neutral @s ~ ~ ~ 1 1"
            },
            {
              "type": "origins:change_resource",
              "resource": "phoenix:rebirth_sunlight",
              "change": -1440
            }
          ]
        }
      }
    ]
  },
  "name": "Rejuvenation",
  "description": "If you were in your Reborn Form, you will slowly return to Normal Form provided you are directly under the sun. Standing in the rain or in water will reduce progress towards Rejuvenating."
}