{
  "name": "Phasing",
  "description": "You can phase through a good number of naturally generated terrain blocks.",
  "type": "origins:phasing",
  "blacklist": true,
  "render_type": "blindness",
  "view_distance": 10,
  "block_condition": {
    "type": "origins:in_tag",
    "tag": "dredgeorigins:phantom_whitelist",
    "inverted": true
  },
  "phase_down_condition": {
    "type": "origins:and",
    "conditions": [
      {
        "type": "origins:sneaking"
      },
      {
        "type": "origins:on_block"
      }
    ]
  },
  "condition": {
    "type": "origins:power_active",
    "power": "origins:phantomize"
  }
}
