{
    "name": "Aristaeus",
    "description": "The God Of Bees.",
    "powers": [
        "origins:water_vulnerability",
        "moborigins:bee_wings",
        "moborigins:queen_bee",
        "dredgeorigins:beevory/arthropod",
        "dredgeorigins:beevory/bee_command",
        "dredgeorigins:beevory/bee_sounds",
        "dredgeorigins:beevory/food_mods",
        "dredgeorigins:beevory/honey_bottle",
        "dredgeorigins:beevory/honey_drip",
        "dredgeorigins:beevory/shaking",
        "dredgeorigins:beevory/stinger",
        "dredgeorigins:dev/berry_immune",
        "dredgeorigins:dev/cactus_immune",
        "dredgeorigins:dev/poison_immune",
        "dredgeorigins:dev/sacks",
        "dredgeorigins:cumulus/flying_resource",
        "dredgeorigins:cumulus/flying"
    ],
    "icon": "minecraft:honeycomb_block",
    "impact": 3,
    "unchoosable": true
}
