{
  "powers": [
    "origins:nine_lives",
    "dredgeorigins:feline/weak_arms",
    "dredgeorigins:feline/milk",
    "dredgeorigins:feline/fish",
    "dredgeorigins:feline/jump",
    "dredgeorigins:feline/pounce",
    "origins:fall_immunity",
    "origins:velvet_paws",
    "dredgeorigins:feline/nocturnal",
    "origins:scare_creepers",
    "dredgeorigins:feline/feline_sounds"
  ],
  "icon": {
    "item": "minecraft:milk_bucket"
  },
  "order": 0,
  "impact": 2,
  "name": "Feline",
  "description": "With their cat-like appearance, the Feline scare creepers away. With the dexterity of cats, they always land on their feet."
}
