{
    "powers": [
        "coppergolem:abilities/ore-test",
        "coppergolem:abilities/radar-toggle",
        "coppergolem:abilities/radar-overlay",
        "coppergolem:neutral/antenna",
        "coppergolem:neutral/golem_size",
        "dredgeorigins:dev/cant_hurt",
        "dredgeorigins:dev/cant_die",
        "dredgeorigins:dev/flying",
        "dredgeorigins:kibby/meow",
        "dredgeorigins:kibby/dyeable_base",
        "dredgeorigins:kibby/dyeable"
    ],
    "icon": {
        "item": "minecraft:copper_ingot"
    },
    "order": 20,
    "impact": 2,
    "name": "Kibby",
    "description": "It is her.",
    "unchoosable": true
}
