{
	"type": "origins:action_on_callback",
	"name": "Colossal Size",
	"description": "You're twice the size of a normal person, standing at a staggering 4 blocks tall!",
	"entity_action_chosen": {
		"type": "origins:and",
		"actions": [{
				"type": "origins:execute_command",
				"command": "scale set pehkui:height 2"
			},
			{
				"type": "origins:execute_command",
				"command": "scale set pehkui:width 2"
			},
			{
				"type": "origins:execute_command",
				"command": "scale set pehkui:drops 2"
			},
			{
				"type": "origins:execute_command",
				"command": "scale set pehkui:projectiles 2"
			},
			{
				"type": "origins:execute_command",
				"command": "scale set pehkui:step_height 2"
			},
			{
				"type": "origins:execute_command",
				"command": "scale set pehkui:reach 1.5"
			}
		]
	},
	"entity_action_gained": {
		"type": "origins:and",
		"actions": [{
				"type": "origins:execute_command",
				"command": "scale set pehkui:height 2"
			},
			{
				"type": "origins:execute_command",
				"command": "scale set pehkui:width 2"
			},
			{
				"type": "origins:execute_command",
				"command": "scale set pehkui:drops 2"
			},
			{
				"type": "origins:execute_command",
				"command": "scale set pehkui:projectiles 2"
			},
			{
				"type": "origins:execute_command",
				"command": "scale set pehkui:step_height 2"
			},
			{
				"type": "origins:execute_command",
				"command": "scale set pehkui:reach 1.5"
			}
		]
	},
	"entity_action_lost": {
		"type": "origins:execute_command",
		"command": "scale reset"
	},
	"entity_action_added": {
		"type": "origins:and",
		"actions": [{
				"type": "origins:execute_command",
				"command": "scale set pehkui:height 2"
			},
			{
				"type": "origins:execute_command",
				"command": "scale set pehkui:width 2"
			},
			{
				"type": "origins:execute_command",
				"command": "scale set pehkui:drops 2"
			},
			{
				"type": "origins:execute_command",
				"command": "scale set pehkui:projectiles 2"
			},
			{
				"type": "origins:execute_command",
				"command": "scale set pehkui:step_height 2"
			},
			{
				"type": "origins:execute_command",
				"command": "scale set pehkui:reach 1.5"
			}
		]
	},
	"entity_action_removed": {
		"type": "origins:execute_command",
		"command": "scale reset"
	},
	"entity_action_respawned": {
		"type": "origins:and",
		"actions": [{
				"type": "origins:execute_command",
				"command": "scale set pehkui:height 2"
			},
			{
				"type": "origins:execute_command",
				"command": "scale set pehkui:width 2"
			},
			{
				"type": "origins:execute_command",
				"command": "scale set pehkui:drops 2"
			},
			{
				"type": "origins:execute_command",
				"command": "scale set pehkui:projectiles 2"
			},
			{
				"type": "origins:execute_command",
				"command": "scale set pehkui:step_height 2"
			},
			{
				"type": "origins:execute_command",
				"command": "scale set pehkui:reach 1.5"
			}

		]
	}
}