{
	"type": "origins:action_over_time",
	"name": "Oversized Lungs",
	"description": "You have twice as much oxygen",
	"interval": 20,
	"condition": {
		"type": "origins:and",
		"conditions": [
		{
			"type": "origins:submerged_in",
			"fluid": "minecraft:water"
		},
		{
			"type": "origins:status_effect",
			"effect": "minecraft:water_breathing",
			"inverted": true
		}
		]
		},
	"entity_action": {
		"type": "origins:if_else_list",
		"actions": [
		{
			"condition": {
				"type": "origins:enchantment",
				"enchantment": "minecraft:respiration",
				"comparison": "==",
				"compare_to": 0
			},
			"action": {
				"type": "origins:gain_air",
				"value": 10
			}
		},
		{
			"condition": {
				"type": "origins:enchantment",
				"enchantment": "minecraft:respiration",
				"comparison": "==",
				"compare_to": 1
			},
			"action": {
				"type": "origins:gain_air",
				"value": 5
			}
		},
		{
			"condition": {
				"type": "origins:enchantment",
				"enchantment": "minecraft:respiration",
				"comparison": "==",
				"compare_to": 2
			},
			"action": {
				"type": "origins:gain_air",
				"value": 3
			}
		},
		{
			"condition": {
				"type": "origins:enchantment",
				"enchantment": "minecraft:respiration",
				"comparison": "==",
				"compare_to": 3
			},
			"action": {
				"type": "origins:gain_air",
				"value": 2
			}
		}
		]
	}
}