{
	"type": "origins:multiple",
	"name": "Gargantuan Strength",
	"description": "You deal 33% more melee damage and 50% more knockback",
	"damage": {
		"type": "origins:modify_damage_dealt",
		"modifier": {
			"operation": "multiply_total",
			"value": 0.33
		},
		"damage_condition": {
			"type": "origins:projectile",
			"inverted": true
		}
	},
	"knockback_deal": {
		"type": "origins:action_on_hit",
		"bientity_action": {
			"type": "origins:add_velocity",
			"z": 0.33
		}
	}
}