{
  "name": "Browser",
  "description":"Although you can eat meat, it only gives half its usual hunger points.",
  "type": "origins:modify_food",
  "item_condition": {
    "type": "origins:and",
    "conditions": [
      {
        "type": "origins:ingredient",
        "ingredient": {
          "tag": "origins:meat"
        }
      },
      {
        "type": "origins:ingredient",
        "ingredient": {
          "tag": "origins:ignore_diet"
        },
        "inverted": true
      },
      {
        "type": "origins:food"
      }
    ]
  },
  "food_modifier": {
    "operation": "multiply_total",
    "value": -0.5
  },
  "saturation_modifier": {
    "operation": "multiply_total",
    "value": -0.5
  }
}