{
  "name": "Leap",
  "description": "You can take a huge leap in the direction you're facing. Be careful though, you still take fall damage when you aren't bracing. This won't work when using an elytra.",
  "condition": {
    "inverted": true,
    "type": "origins:fall_flying"
  },
  "type": "origins:active_self",
  "entity_action": {
    "type": "origins:and",
    "actions": [
      {
        "type": "origins:add_velocity",
        "z": 2,
        "space": "local",
        "client": true,
        "server": true
      },
      {
        "type": "origins:play_sound",
        "sound": "entity.goat.long_jump"
      }
    ]
  },
  "cooldown": 200,
  "hud_render": {
    "should_render": true,
    "sprite_location": "dredgeclient:textures/gui/ram_bars.png",
    "bar_index": 0
  },
  "key": {
    "key": "key.origins.primary_active",
    "continuous": false
  }
}
