{
  "type": "origins:active_self",
  "entity_action": {
    "type": "origins:execute_command",
    "command": "function dredgeorigins:radiant_call",
    "permission_level": 4
  },
  "cooldown": 2400,
  "hud_render": {
    "sprite_location": "origins:textures/gui/community/spiderkolo/resource_bar_02.png",
    "bar_index": 8
  },
  "key": {
    "key": "key.origins.ternary_active"
  },
  "name": "Radiant Call",
  "description": "Fully heals every player and mob within a 12 block radius. Set to your ternary action key."
}