{
    "name": "Heat allergic",
    "description": "Penguins are not used to hot biomes, so they weaken when they reach one.",
    "condition": {
        "type": "origins:biome",
        "condition": {
            "type": "origins:temperature",
            "comparison": ">=",
            "compare_to": 1
        }
    },
    "type": "origins:stacking_status_effect",
    "min_stacks": 0,
    "max_stacks": 1,
    "duration_per_stack": 50,
    "tick_rate": 10,
    "effects": [
        {
            "effect": "minecraft:weakness",
            "duration": 100,
            "amplifier": 0,
            "is_ambient": true,
            "show_particles": false,
            "show_icon": true
        }
    ]
}