{
    "name": "Ice speed",
    "description": "Penguins are used to moving fast across the ice lands.",
    "condition": {
        "type": "origins:or",
        "conditions": [
            {
                "type": "origins:on_block",
                "block_condition": {
                    "type": "origins:block",
                    "block": "minecraft:ice"
                }
            },
            {
                "type": "origins:on_block",
                "block_condition": {
                    "type": "origins:block",
                    "block": "minecraft:blue_ice"
                }
            },
            {
                "type": "origins:on_block",
                "block_condition": {
                    "type": "origins:block",
                    "block": "minecraft:packed_ice"
                }
            }
        ]
    },
    "type": "origins:stacking_status_effect",
    "min_stacks": 1,
    "max_stacks": 5,
    "duration_per_stack": 5,
    "tick_rate": 10,
    "effects": [
        {
            "effect": "minecraft:speed",
            "duration": 100,
            "amplifier": 3,
            "is_ambient": true,
            "show_particles": false,
            "show_icon": true
        }
    ]
}