{
    "name": "Extended Breathing",
    "description": "You can hold your breath twice as long as anybody else.",
    "type": "origins:multiple",
    "condition": {
        "type": "origins:air",
        "comparison": ">",
        "compare_to": 0
    },
    "base": {
        "condition": {
            "type": "origins:enchantment",
            "enchantment": "minecraft:respiration",
            "calculation": "sum",
            "comparison": "<",
            "compare_to": 1
        },
        "type": "origins:action_over_time",
        "interval": 2,
        "entity_action": {
            "type": "origins:gain_air",
            "value": 1
        }
    },
    "resone": {
        "condition": {
            "type": "origins:enchantment",
            "enchantment": "minecraft:respiration",
            "calculation": "sum",
            "comparison": "==",
            "compare_to": 1
        },
        "type": "origins:action_over_time",
        "interval": 4,
        "entity_action": {
            "type": "origins:gain_air",
            "value": 1
        }
    },
    "restwo": {
        "condition": {
            "type": "origins:enchantment",
            "enchantment": "minecraft:respiration",
            "calculation": "sum",
            "comparison": "==",
            "compare_to": 2
        },
        "type": "origins:action_over_time",
        "interval": 6,
        "entity_action": {
            "type": "origins:gain_air",
            "value": 1
        }
    },
    "resthree": {
        "condition": {
            "type": "origins:enchantment",
            "enchantment": "minecraft:respiration",
            "calculation": "sum",
            "comparison": "==",
            "compare_to": 3
        },
        "type": "origins:action_over_time",
        "interval": 8,
        "entity_action": {
            "type": "origins:gain_air",
            "value": 1
        }
    }
}