{
    "name": "Natural swimmer",
    "description": "Due to the icy biome's conditions, the penguins need to hunt in the water. Thus, they need to be really fast to reach their prey.",
    "hidden": false,
    "type": "origins:modify_swim_speed",
    "modifier": {
        "value": 1.5,
        "operation": "multiply_base"
    },
    "swim": {
        "type": "origins:swimming",
        "condition": {
            "type": "origins:fluid_height",
            "fluid": "minecraft:water",
            "comparison": ">",
            "compare_to": 0,
            "inverted": false
        }
    }
}