{
    "hidden": true,
    "condition": {
        "type": "origins:and",
        "conditions": [
            {
                "type": "origins:on_block",
                "block_condition": {
                    "inverted": true,
                    "type": "origins:block",
                    "block": "minecraft:ice"
                }
            },
            {
                "type": "origins:on_block",
                "block_condition": {
                    "inverted": true,
                    "type": "origins:block",
                    "block": "minecraft:packed_ice"
                }
            },
            {
                "type": "origins:on_block",
                "block_condition": {
                    "inverted": true,
                    "type": "origins:block",
                    "block": "minecraft:blue_ice"
                }
            },
            {
                "type": "origins:power_active",
                "power": "peng:toggle"
            }
        ]
    },
    "type": "origins:modify_slipperiness",
    "modifier": {
        "operation": "multiply_total",
        "value": 0.75
    }
}