{
    "schemaVersion": 1,
    "environment": "*",
    "depends": {
        "fabric-api-base": "*",
        "fabric": "*",
        "minecraft": ">=1.20.0 <=1.20.1",
        "origins": ">=1.10.0"
    },
    "name": "Animal Origins",
    "id": "anim_origins_nx95",
    "version": "2.3.0",
    "description": "Animal origins mod. Includes six different animal origins: monkey, roadrunner, penguin, chameleon, kangaroo and reptilian.",
    "license": "Unknown",
    "authors": [
        "Naox95",
        "Jakeyy (Roadrunner only)"
    ]
}