{
  "type": "origins:action_on_callback",
  "entity_action_added": {
    "type": "origins:execute_command",
    "command": "scale set pehkui:base 1.5 @s",
    "permission_level": 4
  },
  "entity_action_chosen": {
    "type": "origins:execute_command",
    "command": "scale set pehkui:base 1.5 @s",
    "permission_level": 4
  },
  "entity_action_removed": {
    "type": "origins:execute_command",
    "command": "scale reset @s",
    "permission_level": 4
  },
  "entity_action_respawned": {
    "type": "origins:execute_command",
    "command": "scale set pehkui:base 1.5 @s",
    "permission_level": 4
  },
  "execute_chosen_when_orb": true,

  "name": "Large",
  "description": "You are 3.5 blocks tall!"


}