{
  "type": "origins:action_on_callback",
  "entity_action_added": {
    "type": "origins:execute_command",
    "command": "scale set pehkui:jump_height 1.4 @s",
    "permission_level": 4
  },
  "entity_action_removed": {
    "type": "origins:execute_command",
    "command": "scale reset @s",
    "permission_level": 4
  },
  "entity_action_respawned": {
    "type": "origins:execute_command",
    "command": "scale set pehkui:jump_height 1.4 @s",
    "permission_level": 4
  },
  "execute_chosen_when_orb": true,

  "hidden":true

}