{
	"type": "origins:multiple",
	"change_skin": {
		"type": "origins:action_over_time",
		"interval": "20",
		"action": {
			"type": "origins:if_else_list",
			"actions": [
				{
					"condition": {
						"type": "origins:and",
						"conditions": [
						{
							"type": "origins:resource",
							"resource": "coppergolem:oxidation_resource",
							"comparison": ">=",
							"compare_to": 0
						},
						{
							"type": "origins:resource",
							"resource": "coppergolem:oxidation_resource",
							"comparison": "<",
							"compare_to": 17500
						}
						]
					},
					"action": {
						"type": "origins:and",
						"actions": [
						{
							"type": "origins:model_color",
							"red" : 0.62,
							"green" : 0.42,
							"blue" : 0.3,
							"alpha" : 1
						},
						{
							"type": "origins:play_sound",
							"sound": "minecraft:block.chain.break",
							"pitch": 0.8,
							"volume": 1
						}
						]
					}
				},
				{
					"condition": {
						"type": "origins:and",
						"conditions": [
						{
							"type": "origins:resource",
							"resource": "coppergolem:oxidation_resource",
							"comparison": ">=",
							"compare_to": 17500
						},
						{
							"type": "origins:resource",
							"resource": "coppergolem:oxidation_resource",
							"comparison": "<",
							"compare_to": 30000
						}
						]
					},
					"action": {
						"type": "origins:and",
						"actions": [
						{
							"type": "origins:model_color",
							"red" : 1,
							"green" : 1,
							"blue" : 1,
							"alpha" : 1
						},
						{
							"type": "origins:play_sound",
							"sound": "minecraft:block.chain.break",
							"pitch": 0.7,
							"volume": 1
						}
						]
					}
				}
			]
		},
	"name": "Copper Plating",
	"description": "Your chassis is made out of copper. As a result, you passively have resistance."
	}
}