{
    "name": "Master climber",
    "description": "you can climb everywhere by shifting at the cost of stamina. You can also hang up from ceilings.",
    "condition": {
        "type": "origins:and",
        "conditions": [
            {
                "type": "origins:sneaking"
            },
            {
                "type": "origins:resource",
                "resource": "monke:monke_stamina",
                "comparison": ">=",
                "compare_to": 1
            },
            {
                "type": "origins:or",
                "conditions": [
                    {
                        "type": "origins:block_collision",
                        "offset_x": 0.01,
                        "offset_y": 0,
                        "offset_z": 0.01
                    },
                    {
                        "type": "origins:block_collision",
                        "offset_x": -0.01,
                        "offset_y": 0,
                        "offset_z": -0.01
                    },
                    {
                        "type": "origins:block_collision",
                        "offset_x": 0,
                        "offset_y": 0.01,
                        "offset_z": 0
                    }
                ]
            }
        ]
    },
    "type": "origins:climbing",
    "allow_holding": true
}