{
    "name": "Small but agile",
    "description": "You are 1 block and a half tall in order to move swiftly through the jungle.",
    "type": "origins:action_on_callback",
    "entity_action_chosen": {
        "type": "origins:execute_command",
        "command": "scale set pehkui:base 0.75"
    },
    "execute_chosen_when_orb": true,
    "entity_action_lost": {
        "type": "origins:execute_command",
        "command": "scale set pehkui:base 1"
    },
    "entity_action_removed": {
        "type": "origins:execute_command",
        "command": "scale set pehkui:base 1"
    },
    "entity_action_respawned": {
        "type": "origins:execute_command",
        "command": "scale set pehkui:base 0.75"
    }
}