{
    "name": "Wall jump",
    "description": "You can jump off a wall by jumping when climbing on it.",
    "type": "origins:multiple",
    "key0": {
        "condition": {
            "type": "origins:and",
            "conditions": [
                {
                    "type": "origins:sneaking"
                },
                {
                    "type": "origins:resource",
                    "resource": "monke:monke_stamina",
                    "comparison": ">=",
                    "compare_to": 1
                },
                {
                    "type": "origins:or",
                    "conditions": [
                        {
                            "type": "origins:block_collision",
                            "offset_x": 0.01,
                            "offset_y": 0,
                            "offset_z": 0.01
                        },
                        {
                            "type": "origins:block_collision",
                            "offset_x": -0.01,
                            "offset_y": 0,
                            "offset_z": -0.01
                        }
                    ]
                }
            ]
        },
        "type": "origins:simple"
    }
}