{
    "name": "Monkey jump",
    "description": "You can lunge at the cost of stamina.",
    "condition": {
        "type": "origins:and",
        "conditions": [
            {
                "type": "origins:resource",
                "resource": "monke:monke_stamina",
                "comparison": ">=",
                "compare_to": 1
            },
            {
                "type": "origins:on_block"
            }
        ]
    },
    "type": "origins:active_self",
    "entity_action": {
        "type": "origins:add_velocity",
        "y": 0.3,
        "z": 0.8,
        "space": "local",
        "client": true,
        "server": true
    },
    "cooldown": 50,
    "hud_render": {
        "should_render": true,
        "sprite_location": "origins:textures/gui/community/spiderkolo/resource_bar_03.png",
        "bar_index": 16
    },
    "key": {
        "key": "key.origins.secondary_active"
    }
}