{
    "name": "Vine Hook",
    "description": "You can throw a vine to move around the trees.",
    "type": "origins:multiple",
    "visual": {
        "condition": {
            "type": "origins:and",
            "conditions": [
                {
                    "type": "origins:raycast",
                    "distance": 30,
                    "block": true,
                    "entity": true,
                    "shape_type": "collider",
                    "fluid_handeling": "none"
                },
                {
                    "type": "origins:resource",
                    "resource": "monke:monke_stamina",
                    "comparison": ">=",
                    "compare_to": 1
                }
            ]
        },
        "type": "origins:fire_projectile",
        "entity_type": "minecraft:fishing_bobber",
        "cooldown": 25,
        "hud_render": {
            "should_render": true,
            "sprite_location": "origins:textures/gui/community/spiderkolo/resource_bar_02.png",
            "bar_index": 22
        },
        "count": 1,
        "interval": 0,
        "start_delay": 0,
        "speed": 7,
        "divergence": 0
    },
    "launch": {
        "condition": {
            "type": "origins:and",
            "conditions": [
                {
                    "type": "origins:raycast",
                    "distance": 30,
                    "block": true,
                    "entity": true,
                    "shape_type": "collider",
                    "fluid_handeling": "none"
                },
                {
                    "type": "origins:resource",
                    "resource": "monke:monke_stamina",
                    "comparison": ">=",
                    "compare_to": 1
                }
            ]
        },
        "type": "origins:active_self",
        "entity_action": {
            "type": "origins:and",
            "actions": [
                {
                    "type": "origins:delay",
                    "action": {
                        "type": "origins:add_velocity",
                        "z": 2,
                        "space": "local",
                        "client": true,
                        "server": true
                    },
                    "ticks": 6
                },
                {
                    "type": "origins:delay",
                    "action": {
                        "type": "origins:add_velocity",
                        "y": 0.15,
                        "space": "world",
                        "client": true,
                        "server": true
                    },
                    "ticks": 8
                }
            ]
        },
        "cooldown": 25,
        "hud_render": {
            "should_render": false
        }
    }
}