{
    "hidden": true,
    "condition": {
        "type": "origins:and",
        "conditions": [
            {
                "inverted": true,
                "type": "origins:climbing"
            },
            {
                "type": "origins:on_block"
            }
        ]
    },
    "type": "origins:action_over_time",
    "interval": 1,
    "entity_action": {
        "type": "origins:change_resource",
        "resource": "monke:monke_stamina",
        "change": 3,
        "operation": "add"
    }
}