{
    "hidden": true,
    "condition": {
        "type": "origins:or",
        "conditions": [
            {
                "type": "origins:and",
                "conditions": [
                    {
                        "type": "origins:climbing"
                    },
                    {
                        "type": "origins:moving"
                    },
                    {
                        "type": "origins:sneaking"
                    }
                ]
            },
            {
                "type": "origins:submerged_in",
                "fluid": "minecraft:water"
            }
        ]
    },
    "type": "origins:action_over_time",
    "interval": 1,
    "entity_action": {
        "type": "origins:change_resource",
        "resource": "monke:monke_stamina",
        "change": -2,
        "operation": "add"
    }
}