{"carvers": {"air": ["minecraft:cave", "minecraft:cave_extra_underground", "minecraft:canyon"]}, "downfall": 1.0, "effects": {"fog_color": 12638463, "mood_sound": {"block_search_extent": 8, "offset": 2.0, "sound": "minecraft:ambient.cave", "tick_delay": 6000}, "sky_color": 7842047, "water_color": 10128356, "water_fog_color": 329011}, "features": [["terralith:mushroom/destroy_cliff"], ["minecraft:lake_lava_underground", "minecraft:lake_lava_surface"], ["minecraft:amethyst_geode"], ["minecraft:monster_room", "minecraft:monster_room_deep"], [], [], ["minecraft:ore_gravel", "minecraft:ore_granite_upper", "minecraft:ore_granite_lower", "minecraft:ore_diorite_upper", "minecraft:ore_diorite_lower", "minecraft:ore_andesite_upper", "minecraft:ore_andesite_lower", "minecraft:ore_tuff", "minecraft:ore_coal_upper", "minecraft:ore_coal_lower", "minecraft:ore_iron_upper", "minecraft:ore_iron_middle", "minecraft:ore_iron_small", "minecraft:ore_gold", "minecraft:ore_gold_lower", "minecraft:ore_redstone", "minecraft:ore_redstone_lower", "minecraft:ore_diamond", "minecraft:ore_diamond_medium", "minecraft:ore_diamond_large", "minecraft:ore_diamond_buried", "minecraft:ore_lapis", "minecraft:ore_lapis_buried", "minecraft:ore_copper", "minecraft:underwater_magma", "minecraft:disk_sand", "minecraft:disk_clay", "minecraft:disk_gravel"], [], ["minecraft:spring_water", "minecraft:spring_lava"], ["terralith:mushroom/huge_mushroom_scattered", "terralith:mushroom/patch_mushroom", "minecraft:glow_lichen", "minecraft:mushroom_island_vegetation", "minecraft:brown_mushroom_taiga", "minecraft:red_mushroom_taiga", "minecraft:patch_sugar_cane", "minecraft:patch_pumpkin"], ["minecraft:freeze_top_layer"]], "has_precipitation": true, "spawn_costs": {}, "spawners": {"ambient": [{"type": "minecraft:bat", "maxCount": 8, "minCount": 8, "weight": 10}], "axolotls": [], "creature": [{"type": "minecraft:mooshroom", "maxCount": 4, "minCount": 2, "weight": 8}], "misc": [], "monster": [], "underground_water_creature": [{"type": "minecraft:glow_squid", "maxCount": 6, "minCount": 4, "weight": 10}], "water_ambient": [], "water_creature": []}, "temperature": -100.0, "temperature_modifier": "none"}