{
    "type": "origins:multiple",
    "hidden": true,
    "hurt_death": {
        "type": "origins:self_action_when_hit",
        "entity_action": {
            "type": "origins:if_else",
            "condition": {
                "type": "origins:health",
                "comparison": ">",
                "compare_to": 0
            },
            "if_action": {
                "type": "origins:play_sound",
                "sound": "minecraft:entity.bee.hurt",
                "pitch": 1.3
            },
            "else_action": {
                "type": "origins:play_sound",
                "sound": "minecraft:entity.bee.death",
                "pitch": 1.3
            }

        },
        "cooldown": 1
    },
    "sting": {
        "type": "origins:self_action_on_hit",
        "condition": {
            "type": "origins:and",
            "conditions": [
                {
                    "type": "origins:equipped_item",
                    "equipment_slot": "mainhand",
                    "item_condition": {
                        "type": "origins:empty"
                    }
                },
                {
                    "type": "origins:equipped_item",
                    "equipment_slot": "offhand",
                    "item_condition": {
                        "type": "origins:empty"
                    }
                }
            ]
        },
        "entity_action": {
            "type": "origins:play_sound",
            "sound": "minecraft:entity.bee.sting"
        }
    }
}
