{
    "type": "origins:multiple",
    "hidden": true,
    "honey-buff": {
        "type": "origins:modify_food",
        "item_condition": {
            "type": "origins:ingredient",
            "ingredient": {
                "item": "minecraft:honey_bottle"
            }
        },
        "food_modifier": {
            "operation": "addition",
            "value": 3.0
        },
        "saturation_modifier": {
            "operation": "addition",
            "value": 1
        }
    },
    "bones-flowers": {
        "type": "apugli:edible_item",
        "item_condition": {
            "type": "origins:or",
            "conditions": [
                {
                    "type": "origins:ingredient",
                    "ingredient": {
                        "item": "minecraft:bone"
                    }
                },
                {
                    "type": "origins:ingredient",
                    "ingredient": {
                        "tag": "minecraft:flowers"
                    }
                }
            ]
        },
        "food_component": {
            "hunger": 0,
            "saturation": 0,
            "always_edible": true
        },
        "use_action": "eat",
        "condition": {
            "type": "origins:sneaking"
        }
    }

}