{
    "name": "Collect Honey",
    "description": "Use an empty bottle to collect honey from yourself while sneaking.",
    "type": "origins:active_self",
    "key": {
        "key": "key.use"
    },
    "entity_action": {
        "type": "origins:and",
        "actions": [
            {
                "type": "origins:modify_inventory",
                "item_condition": {
                    "type": "origins:ingredient",
                    "ingredient": {
                        "item": "minecraft:glass_bottle"
                    }
                },
                "slot": "weapon.mainhand",
                "item_action": {
                    "type": "origins:consume"
                }
            },
            {
                "type": "origins:give",
                "stack": {
                    "item": "minecraft:honey_bottle",
                    "amount": 1
                },
                "preferred_slot": "mainhand"
            }
        ]
    },
    "cooldown": 10,
    "condition": {
        "type": "origins:and",
        "conditions": [
            {
                "type": "origins:sneaking"
            },
            {
                "type": "origins:equipped_item",
                "equipment_slot": "mainhand",
                "item_condition": {
                    "type": "origins:ingredient",
                    "ingredient": {
                        "item": "minecraft:glass_bottle"
                    }
                }
            }
        ]
    }
}