{
    "name": "Stinger",
    "description": "Your empty fists deal slight poison damage.",
    "type": "origins:target_action_on_hit",
    "entity_action": {
        "type": "origins:apply_effect",
        "effect": {
            "effect": "minecraft:poison",
            "amplifier": 1,
            "duration": 60
        }
    },
    "condition": {
        "type": "origins:and",
        "conditions": [
            {
                "type": "origins:equipped_item",
                "equipment_slot": "mainhand",
                "item_condition": {
                    "type": "origins:empty"
                }
            },
            {
                "type": "origins:equipped_item",
                "equipment_slot": "offhand",
                "item_condition": {
                    "type": "origins:empty"
                }
            }
        ]
    },
    "cooldown": 100
}
