{
    "name": "Long jump",
    "description": "Jumps 8 blocks forward and damage others in your path.",
    "condition": {
        "type": "origins:on_block"
    },
    "type": "origins:active_self",
    "entity_action": {
        "type": "origins:raycast",
        "distance": 8,
        "block": true,
        "entity": true,
        "shape_type": "outline",
        "fluid_handling": "none",
        "bientity_action": {
            "type": "origins:target_action",
            "action": {
                "type": "origins:damage",
                "amount": 4,
                "source": {
                    "name": "flyIntoWall"
                }
            }
        },
        "hit_action": {
            "type": "origins:and",
            "actions": [
                {
                    "type": "origins:add_velocity",
                    "z": 2.5,
                    "space": "local",
                    "client": true,
                    "server": true
                },
                {
                    "type": "origins:damage",
                    "amount": 2,
                    "source": {
                        "name": "flyIntoWall"
                    }
                }
            ]
        },
        "miss_action": {
            "type": "origins:add_velocity",
            "z": 2.5,
            "space": "local",
            "client": true,
            "server": true
        },
        "space": "world",
        "command_step": 1
    },
    "cooldown": 400,
    "hud_render": {
        "should_render": true,
        "bar_index": 8
    }
}