{
    "name": "Penguin",
    "description": "Coming from the frosty biomes, these birds have sacrificed their ability to fly in order to survive in the cold. However, they are expert swimmers and sliders, which makes them one of the best hunters underwater.",
    "powers": [
        "peng:peng_swimspeed",
        "peng:peng_waterbreath",
        "peng:hunter_vision",
        "peng:peng_size",
        "peng:peng_slide",
        "peng:heat",
        "peng:ice_speed",
        "peng:toggle",
        "peng:peng_health",
        "peng:extra_jump"
    ],
    "icon": {
        "item": "minecraft:ice"
    },
    "order": 10,
    "impact": 1
}