{
    "name": "Need for warmth",
    "description": "You need to seek for heat or you will freeze. Cold biomes and nighttimes are deadly unless you wear a leather chestplate.",
    "condition": {
        "type": "origins:and",
        "conditions": [
            {
                "type": "origins:or",
                "conditions": [
                    {
                        "type": "origins:and",
                        "conditions": [
                            {
                                "inverted": true,
                                "type": "origins:daytime"
                            },
                            {
                                "inverted": true,
                                "type": "origins:or",
                                "conditions": [
                                    {
                                        "type": "origins:equipped_item",
                                        "equipment_slot": "head",
                                        "item_condition": {
                                            "type": "origins:ingredient",
                                            "ingredient": {
                                                "item": "minecraft:leather_helmet"
                                            }
                                        }
                                    },
                                    {
                                        "type": "origins:equipped_item",
                                        "equipment_slot": "chest",
                                        "item_condition": {
                                            "type": "origins:ingredient",
                                            "ingredient": {
                                                "item": "minecraft:leather_chestplate"
                                            }
                                        }
                                    },
                                    {
                                        "type": "origins:equipped_item",
                                        "equipment_slot": "legs",
                                        "item_condition": {
                                            "type": "origins:ingredient",
                                            "ingredient": {
                                                "item": "minecraft:leather_leggings"
                                            }
                                        }
                                    },
                                    {
                                        "type": "origins:equipped_item",
                                        "equipment_slot": "feet",
                                        "item_condition": {
                                            "type": "origins:ingredient",
                                            "ingredient": {
                                                "item": "minecraft:leather_boots"
                                            }
                                        }
                                    }
                                ]
                            }
                        ]
                    },
                    {
                        "type": "origins:and",
                        "conditions": [
                            {
                                "type": "origins:biome",
                                "condition": {
                                    "type": "origins:temperature",
                                    "comparison": "<=",
                                    "compare_to": 0.3
                                }
                            },
                            {
                                "inverted": true,
                                "type": "origins:or",
                                "conditions": [
                                    {
                                        "type": "origins:equipped_item",
                                        "equipment_slot": "chest",
                                        "item_condition": {
                                            "type": "origins:ingredient",
                                            "ingredient": {
                                                "item": "minecraft:leather_chestplate"
                                            }
                                        }
                                    },
                                    {
                                        "type": "origins:equipped_item",
                                        "equipment_slot": "head",
                                        "item_condition": {
                                            "type": "origins:ingredient",
                                            "ingredient": {
                                                "item": "minecraft:leather_helmet"
                                            }
                                        }
                                    },
                                    {
                                        "type": "origins:equipped_item",
                                        "equipment_slot": "legs",
                                        "item_condition": {
                                            "type": "origins:ingredient",
                                            "ingredient": {
                                                "item": "minecraft:leather_leggings"
                                            }
                                        }
                                    },
                                    {
                                        "type": "origins:equipped_item",
                                        "equipment_slot": "feet",
                                        "item_condition": {
                                            "type": "origins:ingredient",
                                            "ingredient": {
                                                "item": "minecraft:leather_boots"
                                            }
                                        }
                                    }
                                ]
                            }
                        ]
                    }
                ]
            }
        ]
    },
    "type": "origins:freeze"
}