{
    "name": "Taller than usual",
    "description": "You are a bit taller than a human.",
    "type": "origins:action_on_callback",
    "entity_action_chosen": {
        "type": "origins:execute_command",
        "command": "scale set pehkui:base 1.25"
    },
    "execute_chosen_when_orb": true,
    "entity_action_lost": {
        "type": "origins:execute_command",
        "command": "scale set pehkui:base 1"
    },
    "entity_action_removed": {
        "type": "origins:execute_command",
        "command": "scale set pehkui:base 1"
    },
    "entity_action_respawned": {
        "type": "origins:execute_command",
        "command": "scale set pehkui:base 1.25"
    }
}