{
    "name": "Poison bite",
    "description": "Yo will apply the poison effect to any entity you hit for 5 seconds. However, you have a 30 seconds cooldown.",
    "type": "origins:target_action_on_hit",
    "entity_action": {
        "type": "origins:apply_effect",
        "effect": {
            "effect": "minecraft:poison",
            "duration": 100,
            "amplifier": 0,
            "show_particles": true,
            "show_icon": true
        }
    },
    "cooldown": 600,
    "hud_render": {
        "should_render": true,
        "bar_index": 8
    }
}