{
    "name": "Monkey",
    "description": "Rulers of the jungle and cousins of the humans, these mammals have a great movility but not a big brain.",
    "powers": [
        "monke:monke_grapple",
        "monke:monke_climb",
        "monke:monke_size",
        "origins:tailwind",
        "peng:extra_jump",
        "monke:monke_stamina",
        "monke:staminarefill",
        "monke:monke_velocity",
        "monke:staminawaste",
        "monke:staminawaste2",
        "monke:monke_drown",
        "monke:monke_lunge",
        "monke:monke_frhand"
    ],
    "icon": {
        "item": "minecraft:jungle_sapling"
    },
    "order": 10,
    "impact": 3
}