{
  "type": "origins:active_self",
  "entity_action": {
    "type": "origins:and",
    "actions": [
    {
        "type": "origins:play_sound",
        "sound": "minecraft:block.chain.break"
    },
    {
    "type": "origins:raycast",
    "distance": 80,
    "block": true,
    "entity": true,
    "shape_type": "collider",
    "fluid_handling": "any",
    "bientity_action": {
      "type": "origins:target_action",
      "action": {
        "type": "origins:and",
        "actions": [
          {
            "type": "origins:damage",
            "source": {
              "name": "freeze.player"
            },
            "amount": 0,
            "bypasses_armor": true
          },
          {
            "type": "origins:apply_effect",
            "effect": {
              "effect": "wither",
              "amplifier": 2,
              "duration": 60
            }
          }
            
        ]
      }
    },
"command_along_ray": "particle minecraft:crit ~ ~ ~ 0 0 0 0 1 normal"
  }
  ]
  },
  "key": {
    "key": "key.loadToolbarActivator",
    "continuous": true
  },
  "cooldown": 900,
  "hud_render": {
    "should_render": true
  },
  "name": "Binding Chain",
  "description": "You can impale a target with a barbed chain, immobilising them and inflicting wither."
}
