{
    "type": "origins:self_action_on_kill",
    "entity_action": {
      "type": "origins:and",
      "actions": [
          {
              "type": "origins:execute_command",
              "command": "clear @s minecraft:lantern 1"
          },
          {
              "type": "origins:execute_command",
              "command": "give @s minecraft:soul_lantern"
          }
        ]
      },
    "condition": {
        "type": "origins:equipped_item",
        "equipment_slot": "offhand",
        "item_condition": {
          "type": "origins:ingredient",
          "ingredient": {
            "item": "minecraft:lantern"
          }
        }
    },
    "hidden": true
}