{
    "type": "origins:multiple",
    "resource": {
        "type": "origins:resource",
        "min": 0,
        "max": 1,
        "hud_render": {
            "should_render": false
        }
    },
    "if_died": {
        "type": "origins:action_on_callback",
        "entity_action_respawned": {
            "type": "origins:execute_command",
            "command": "execute as @s at @s run function dullahan:kill_steed",
            "permission_level": 4
        },
        "condition": {
            "type": "origins:resource",
            "resource": "*:abilities/nightmare_steed_resource",
            "comparison": ">=",
            "compare_to": 1
        }
    },
    "activate": {
        "type": "origins:active_self",
        "hud_render": {
            "should_render": true,
            "sprite_location": "origins:textures/gui/community/spiderkolo/resource_bar_02.png",
            "bar_index": 17
        },
        "key": "secondary",
        "cooldown": 3000,
        "entity_action": {
            "type": "origins:and",
            "actions": [{
                    "type": "origins:execute_command",
                    "command": "execute as @s run function dullahan:summon_steed",
                    "permission_level": 4
                },
                {
                    "type": "origins:change_resource",
                    "resource": "*:abilities/nightmare_steed_resource",
                    "change": 1
                },
                {
                    "type": "origins:play_sound",
                    "sound": "block.beacon.power_select",
                    "pitch": 0.7
                },
                {
                    "type": "origins:delay",
                    "ticks": 2400,
                    "action": {
                        "type": "origins:and",
                        "actions": [{
                                "type": "origins:execute_command",
                                "command": "execute as @s at @s run function dullahan:kill_steed",
                                "permission_level": 4
                            },
                            {
                                "type": "origins:change_resource",
                                "resource": "*:abilities/nightmare_steed_resource",
                                "change": -1
                            }
                        ]
                    }
                }
            ]
        }
    },
    "name": "Behold, a Pale Horse",
    "description": "Conjure a fallen nightmare steed that will remain for 2 minutes in the mortal world. This has a 5 minute cooldown."
}