{
    "name": "Spectre's Dismay",
    "description": "Shoot an explosive wither skull projectile at your prey.",
    "loading_priority": 10,
    "type": "origins:fire_projectile",
    "entity_type": "minecraft:wither_skull",
    "cooldown": 400,
    "hud_render": {
        "should_render": true,
        "sprite_location": "origins:textures/gui/resource_bar.png",
        "bar_index": 5
    },
    "count": 1,
    "speed": 3,
    "divergence": 1,
    "sound": "minecraft:entity.phantom.death",
    "key": "primary"
}