{
    "type": "origins:multiple",
    "hidden": true,
    "create_team": {
        "type": "origins:action_on_callback",
        "execute_chosen_when_orb": true,
        "entity_action_added": {
            "type": "origins:execute_command",
            "command": "team add Fairy"
        }
     },
    "team_status": {
        "type": "origins:action_on_callback",
        "execute_chosen_when_orb": true,
        "entity_action_added": {
            "type": "origins:execute_command",
            "command": "team join Fairy @s"
        },
        "entity_action_removed": {
            "type": "origins:execute_command",
            "command": "team leave @s"
        }
    },
    "team_color": {
        "type": "origins:action_on_callback",
        "execute_chosen_when_orb": true,
        "entity_action_added": {
	   	    "type": "origins:execute_command",
        	"command": "team modify Fairy color aqua"
	    }
    }
}