{
    "type": "origins:conditioned_attribute",
    "modifier": {
        "attribute": "minecraft:generic.max_health",
        "operation": "addition",
        "value": -2,
        "name": "Reduced max HP"
    },
    "tick_rate": 20,
    "condition": {
        "type": "origins:biome",
        "condition": {
            "type": "origins:temperature",
            "comparison": "<=",
            "compare_to": 0.5
        }
    },
    "name": "Cold Blooded",
    "description": "Your small body can't generate much heat, so your max health is further reduced in cold biomes."
}