{
    "type": "origins:multiple",
    "mainhand_firework": {
        "type": "origins:active_self",
        "entity_action": {
            "type": "origins:and",
            "actions": [
                {
                    "type": "origins:damage",
                    "amount": 1000,
                    "source": {
                        "name": "explosion",
                        "bypasses_armor": true
                    }
                },
                {
                    "type": "origins:execute_command",
                    "command": "playsound minecraft:entity.firework_rocket.large_blast neutral @a ~ ~ ~ 8 0.7"
                }
            ]
        },
        "cooldown": 0,
        "hud_render": {
            "should_render": false
        },
        "key": {
            "key": "key.use",
            "continuous": true
        },
        "condition": {
            "type": "origins:equipped_item",
            "equipment_slot": "mainhand",
            "item_condition": {
                "type": "origins:ingredient",
                "ingredient": {
                    "item": "minecraft:firework_rocket"
                }
            }
        }
    },
    "name": "Tinkaboom",
    "description": "Attempting to use a firework will instantly blow you up, as you are too small to use them as a propulsion method.",
    "badges": []
}