{
    "type": "origins:active_self",
    "entity_action": {
        "type": "origins:if_else",
        "condition": {
            "type": "origins:status_effect",
            "effect": "minecraft:levitation",
            "inverted": true
        },
        "if_action": {
            "type": "origins:apply_effect",
            "effect":{
                "effect": "minecraft:levitation",
                "show_particles": false,
                "show_icon": true,
                "duration": 36000,
                "amplifier": 1
            }
        },
        "else_action": {
            "type": "origins:clear_effect",
            "effect": "minecraft:levitation"
        }
    },
    "cooldown": 0,
    "hud_render": {
        "should_render": false
    },
        
    "name":"Take Flight",
    "description":"Your wings allow you to ascend. Cast it again to stop."
}