{
  
    "type": "origins:action_on_callback",
    "entity_action_added": {
        "type": "origins:execute_command",
        "command": "scale set pehkui:width 0.35 @s",
        "permission_level": 4
    },
    "entity_action_lost": {
        "type": "origins:execute_command",
        "command": "scale reset pehkui:width @s",
        "permission_level": 4
    },
    "entity_action_respawn": {
        "type": "origins:execute_command",
        "command": "scale set pehkui:width 0.35 @s",
        "permission_level": 4
    },
    "execute_chosen_when_orb": true,
    "hidden": true
}
