{
  "type": "origins:restrict_armor",
  "head": {
    "type": "origins:armor_value",
    "comparison": ">",
    "compare_to": 2	
  },
  "chest": {
    "type": "origins:armor_value",
    "comparison": ">",
    "compare_to": 5
  },
  "legs": {
    "type": "origins:armor_value",
    "comparison": ">",
    "compare_to": 5
  },
  "feet": {
    "type": "origins:armor_value",
    "comparison": ">",
    "compare_to": 2
  },
  "name": "Small Frame",
  "description": "Your body is too weak to bear heavy armour."
}