{
  "name": "Dog Food",
  "description": "Eating dog food gives you the same effects, but only for 30 seconds.",
  "type": "origins:action_on_item_use",
  "trigger": "finish",
  "item_condition": {
    "type": "origins:ingredient",
    "ingredient": {
      "item": "farmersdelight:dog_food"
    }
  },
  "entity_action": {
    "type": "origins:and",
    "actions": [
      {
        "type": "origins:apply_effect",
        "effect": {
          "effect": "minecraft:speed",
          "duration": 600,
          "amplifier": 0,
          "show_particles": false
        }
      },
      {
        "type": "origins:apply_effect",
        "effect": {
          "effect": "minecraft:strength",
          "duration": 600,
          "amplifier": 0,
          "show_particles": false
        }
      },
      {
        "type": "origins:apply_effect",
        "effect": {
          "effect": "minecraft:resistance",
          "duration": 600,
          "amplifier": 0,
          "show_particles": false
        }
      }
    ]
  }
}