{
	"type": "origins:multiple",
	"resource": {
		"type": "origins:resource",
		"min": 0,
		"max": 36000,
		"hud_render": {
			"sprite_location": "origins:textures/gui/community/spiderkolo/resource_bar_01.png",
			"bar_index": 3
		}
	},
	"wax": {
		"type": "origins:resource",
		"min": 0,
		"max": 12000,
		"hud_render": {
			"sprite_location": "origins:textures/gui/community/spiderkolo/resource_bar_03.png",
			"bar_index": 15,
			"condition": {
				"type": "origins:resource",
				"resource": "coppergolem:oxidation_wax",
				"comparison": ">",
				"compare_to": 0
			}
		}
	},
	"wax_decay": {
		"type": "origins:action_over_time",
		"interval": 20,
		"entity_action": {
			"type": "origins:change_resource",
			"resource": "coppergolem:oxidation_wax",
			"change": -10,
			"operation": "add"
		},
		"condition": {
			"type": "origins:resource",
			"resource": "coppergolem:oxidation_wax",
			"comparison": ">",
			"compare_to": 0
		}
	},
	"wax_water": {
		"type": "origins:action_over_time",
		"interval": 20,
		"entity_action": {
			"type": "origins:change_resource",
			"resource": "coppergolem:oxidation_wax",
			"change": -80,
			"operation": "add"
		},
		"condition": {
			"type": "origins:and",
			"conditions": [
			{
				"type": "origins:resource",
				"resource": "coppergolem:oxidation_wax",
				"comparison": ">",
				"compare_to": 0
			},
			{
				"type": "origins:fluid_height",
				"fluid": "minecraft:water",
				"comparison": ">",
				"compare_to": 0
			}
			]
		}
	},
	"wax_rain": {
		"type": "origins:action_over_time",
		"interval": 40,
		"entity_action": {
			"type": "origins:change_resource",
			"resource": "coppergolem:oxidation_wax",
			"change": -80,
			"operation": "add"
		},
		"condition": {
			"type": "origins:and",
			"conditions": [
			{
				"type": "origins:resource",
				"resource": "coppergolem:oxidation_wax",
				"comparison": ">",
				"compare_to": 0
			},
			{
				"type": "origins:in_rain"
			}
			]
		}
	},
	"ambient": {
		"type": "origins:action_over_time",
		"interval": 20,
		"entity_action": {
			"type": "origins:change_resource",
			"resource": "coppergolem:oxidation_resource",
			"change": 15,
			"operation": "add"
		},
		"condition": {
			"type": "origins:resource",
			"resource": "coppergolem:oxidation_wax",
			"comparison": "==",
			"compare_to": 0
		}
	},
	"water": {
		"type": "origins:action_over_time",
		"interval": 20,
		"entity_action": {
			"type": "origins:change_resource",
			"resource": "coppergolem:oxidation_resource",
			"change": 30,
			"operation": "add"
		},
		"condition": {
			"type": "origins:and",
			"conditions": [
			{
				"type": "origins:resource",
				"resource": "coppergolem:oxidation_wax",
				"comparison": "==",
				"compare_to": 0
			},
			{
				"type": "origins:fluid_height",
				"fluid": "minecraft:water",
				"comparison": ">",
				"compare_to": 0
			}
			]
		}
	},
	"rain": {
		"type": "origins:action_over_time",
		"interval": 40,
		"entity_action": {
			"type": "origins:change_resource",
			"resource": "coppergolem:oxidation_resource",
			"change": 30,
			"operation": "add"
		},
		"condition": {
			"type": "origins:and",
			"conditions": [
			{
				"type": "origins:resource",
				"resource": "coppergolem:oxidation_wax",
				"comparison": "==",
				"compare_to": 0
			},
			{
				"type": "origins:in_rain"
			}
			]
		}
	},
	"tiny_move": {
		"type": "origins:conditioned_attribute",
		"modifier": {
			"attribute": "minecraft:generic.movement_speed",
			"operation": "multiply_total",
			"value": -0.15
		},
		"condition": {
			"type": "origins:and",
			"conditions": [
			{
				"type": "origins:resource",
				"resource": "coppergolem:oxidation_resource",
				"comparison": ">=",
				"compare_to": 5500
			},
			{
				"type": "origins:resource",
				"resource": "coppergolem:oxidation_resource",
				"comparison": "<",
				"compare_to": 10000
			}
			]
		}
	},
	"tiny_break": {
		"type": "origins:modify_break_speed",
		"modifier": {
			"operation": "multiply_total",
			"value": -0.15
		},
		"condition": {
			"type": "origins:and",
			"conditions": [
			{
				"type": "origins:resource",
				"resource": "coppergolem:oxidation_resource",
				"comparison": ">=",
				"compare_to": 5500
			},
			{
				"type": "origins:resource",
				"resource": "coppergolem:oxidation_resource",
				"comparison": "<",
				"compare_to": 10000
			}
			]
		}
	},
	"low_move": {
		"type": "origins:conditioned_attribute",
		"modifier": {
			"attribute": "minecraft:generic.movement_speed",
			"operation": "multiply_total",
			"value": -0.25
		},
		"condition": {
			"type": "origins:and",
			"conditions": [
			{
				"type": "origins:resource",
				"resource": "coppergolem:oxidation_resource",
				"comparison": ">=",
				"compare_to": 10000
			},
			{
				"type": "origins:resource",
				"resource": "coppergolem:oxidation_resource",
				"comparison": "<",
				"compare_to": 18000
			}
			]
		}
	},
	"low_break": {
		"type": "origins:modify_break_speed",
		"modifier": {
			"operation": "multiply_total",
			"value": -0.25
		},
		"condition": {
			"type": "origins:and",
			"conditions": [
			{
				"type": "origins:resource",
				"resource": "coppergolem:oxidation_resource",
				"comparison": ">=",
				"compare_to": 10000
			},
			{
				"type": "origins:resource",
				"resource": "coppergolem:oxidation_resource",
				"comparison": "<",
				"compare_to": 18000
			}
			]
		}
	},
	"medium_move": {
		"type": "origins:conditioned_attribute",
		"modifier": {
			"attribute": "minecraft:generic.movement_speed",
			"operation": "multiply_total",
			"value": -0.35
		},
		"condition": {
			"type": "origins:and",
			"conditions": [
			{
				"type": "origins:resource",
				"resource": "coppergolem:oxidation_resource",
				"comparison": ">=",
				"compare_to": 18000
			},
			{
				"type": "origins:resource",
				"resource": "coppergolem:oxidation_resource",
				"comparison": "<",
				"compare_to": 27000
			}
			]
		}
	},
	"medium_break": {
		"type": "origins:modify_break_speed",
		"modifier": {
			"operation": "multiply_total",
			"value": -0.35
		},
		"condition": {
			"type": "origins:and",
			"conditions": [
			{
				"type": "origins:resource",
				"resource": "coppergolem:oxidation_resource",
				"comparison": ">=",
				"compare_to": 18000
			},
			{
				"type": "origins:resource",
				"resource": "coppergolem:oxidation_resource",
				"comparison": "<",
				"compare_to": 27000
			}
			]
		}
	},
	"high_move": {
		"type": "origins:conditioned_attribute",
		"modifier": {
			"attribute": "minecraft:generic.movement_speed",
			"operation": "multiply_total",
			"value": -0.5
		},
		"condition": {
			"type": "origins:and",
			"conditions": [
			{
				"type": "origins:resource",
				"resource": "coppergolem:oxidation_resource",
				"comparison": ">=",
				"compare_to": 27000
			},
			{
				"type": "origins:resource",
				"resource": "coppergolem:oxidation_resource",
				"comparison": "<",
				"compare_to": 34000
			}
			]
		}
	},
	"high_break": {
		"type": "origins:modify_break_speed",
		"modifier": {
			"operation": "multiply_total",
			"value": -0.5
		},
		"condition": {
			"type": "origins:and",
			"conditions": [
			{
				"type": "origins:resource",
				"resource": "coppergolem:oxidation_resource",
				"comparison": ">=",
				"compare_to": 27000
			},
			{
				"type": "origins:resource",
				"resource": "coppergolem:oxidation_resource",
				"comparison": "<",
				"compare_to": 34000
			}
			]
		}
	},
	"intense_move": {
		"type": "origins:conditioned_attribute",
		"modifier": {
			"attribute": "minecraft:generic.movement_speed",
			"operation": "multiply_total",
			"value": -0.7
		},
		"condition": {
			"type": "origins:resource",
			"resource": "coppergolem:oxidation_resource",
			"comparison": ">=",
			"compare_to": 34000
		}
	},
	"intense_break": {
		"type": "origins:modify_break_speed",
		"modifier": {
			"operation": "multiply_total",
			"value": -0.7
		},
		"condition": {
			"type": "origins:resource",
			"resource": "coppergolem:oxidation_resource",
			"comparison": ">=",
			"compare_to": 34000
		}
	},
	"forgive": {
		"type": "origins:action_on_callback",
		"entity_action_respawned": {
			"type": "origins:change_resource",
			"resource": "coppergolem:oxidation_resource",
			"change": -14400
		}
	},
	"axe": {
		"type": "origins:active_self",
		"entity_action": {
			"type": "origins:if_else_list",
			"actions": [
			{
				"condition": {
					"type": "origins:equipped_item",
					"equipment_slot": "mainhand",
					"item_condition": {
						"type": "origins:ingredient",
						"ingredient": {
							"tag": "coppergolem:axes"
						}
					}
				},
				"action": {
					"type": "origins:and",
					"actions": [
					{
						"type": "origins:change_resource",
						"resource": "coppergolem:oxidation_resource",
						"change": -300
					},
					{
						"type": "origins:equipped_item_action",
						"equipment_slot": "mainhand",
						"action": {
							"type": "origins:damage",
							"amount": 3,
							"ignore_unbreaking": false
						}
					},
					{
						"type": "origins:play_sound",
						"sound": "minecraft:item.axe.scrape",
						"volume": 0.4,
						"pitch": 1.2
					}
					]
				}
			},
			{
				"condition": {
					"type": "origins:equipped_item",
					"equipment_slot": "offhand",
					"item_condition": {
						"type": "origins:ingredient",
						"ingredient": {
							"tag": "coppergolem:axes"
						}
					}
				},
				"action": {
					"type": "origins:and",
					"actions": [
					{
						"type": "origins:change_resource",
						"resource": "coppergolem:oxidation_resource",
						"change": -300
					},
					{
						"type": "origins:equipped_item_action",
						"equipment_slot": "offhand",
						"action": {
							"type": "origins:damage",
							"amount": 3,
							"ignore_unbreaking": false
						}
					},
					{
						"type": "origins:play_sound",
						"sound": "minecraft:item.axe.scrape",
						"volume": 0.4,
						"pitch": 1.2
					}
					]
				}
			}
			]
		},
		"condition": {
			"type": "origins:and",
			"conditions": [
			{
				"type": "origins:sneaking"
			},
			{
				"type": "origins:resource",
				"resource": "coppergolem:oxidation_resource",
				"comparison": ">",
				"compare_to": 300
			}
			]
		},
		"key": {
			"key": "key.use",
			"continuous": true
		}
	},
	"name": "Oxidation",
	"description": "Your copper body makes you susceptible to the elements, oxidising you over time. Oxidation can be removed with an axe.",
	"badges": [
	{
		"sprite": "origins:textures/gui/badge/active.png",
		"text": "Active ability, remove oxidation with %s while sneaking and holding an Axe."
	},
	{
		"sprite": "origins:textures/gui/badge/info.png",
		"text": "As you become increasingly oxidized, mining and moving become more and more difficult."
	}
	]
}