{
    "name": "Grubby Hands",
    "description": "You can climb any wall like a ladder.",
    "type": "origins:multiple",
    "toggle": {
      "type": "origins:toggle",
      "key": {
        "key": "key.origins.primary_active",
        "continuous": false
      }
    },
    "climbing": {
      "type": "origins:climbing",
      "condition": {
        "type": "origins:and",
        "conditions": [
          {
            "type": "origins:power_active",
            "power": "*:*_toggle"
          },
          {
            "type": "origins:or",
            "conditions": [
              {
                "type": "origins:and",
                "conditions": [
                  {
                    "type": "origins:sneaking",
                    "inverted": true
                  },
                  {
                    "type": "origins:collided_horizontally"
                  }
                ]
              },
              {
                "type": "origins:and",
                "conditions": [
                  {
                    "type": "origins:sneaking"
                  },
                  {
                    "type": "origins:or",
                    "conditions": [
                      {
                        "type": "origins:block_collision",
                        "offset_x": 0.01,
                        "offset_z": 0.01
                      },
                      {
                        "type": "origins:block_collision",
                        "offset_x": -0.01,
                        "offset_z": -0.01
                      }
                    ]
                  }
                ]
              }
            ]
          }
        ]
      }
    }
  }