{
	"type": "origins:multiple",
	"no_regen": {
		"type": "origins:disable_regen"
	},
	"heal": {
		"type": "origins:active_self",
		"entity_action": {
			"type": "origins:if_else_list",
			"actions": [
			{
				"condition": {
					"type": "origins:equipped_item",
					"equipment_slot": "mainhand",
					"item_condition": {
						"type": "origins:ingredient",
						"ingredient": {
							"item": "minecraft:copper_ingot"
						}
					}
				},
				"action": {
					"type": "origins:and",
					"actions": [
					{
						"type": "origins:equipped_item_action",
						"equipment_slot": "mainhand",
						"action": {
							"type": "origins:consume",
							"amount": 1
						}
					},
					{
						"type": "origins:heal",
						"amount": 2
					},
					{
						"type": "origins:delay",
						"ticks": 3,
						"action": {
							"type": "origins:heal",
							"amount": 2
						}
					},
					{
						"type": "origins:delay",
						"ticks": 5,
						"action": {
							"type": "origins:heal",
							"amount": 1
						}
					},
					{
						"type": "origins:play_sound",
						"sound": "minecraft:block.anvil.use",
						"pitch": 1.1,
						"volume": 0.5
					}
					]
				}
			},
			{
				"condition": {
					"type": "origins:equipped_item",
					"equipment_slot": "offhand",
					"item_condition": {
						"type": "origins:ingredient",
						"ingredient": {
							"item": "minecraft:copper_ingot"
						}
					}
				},
				"action": {
					"type": "origins:and",
					"actions": [
					{
						"type": "origins:equipped_item_action",
						"equipment_slot": "offhand",
						"action": {
							"type": "origins:consume",
							"amount": 1
						}
					},
					{
						"type": "origins:heal",
						"amount": 2
					},
					{
						"type": "origins:delay",
						"ticks": 3,
						"action": {
							"type": "origins:heal",
							"amount": 2
						}
					},
					{
						"type": "origins:delay",
						"ticks": 5,
						"action": {
							"type": "origins:heal",
							"amount": 1
						}
					},
					{
						"type": "origins:play_sound",
						"sound": "minecraft:block.anvil.use",
						"pitch": 1.1,
						"volume": 0.5
					}
					]
				}
			}
			]
		},
		"cooldown": 200,
		"hud_render": {
			"sprite_location": "origins:textures/gui/community/spiderkolo/resource_bar_02.png",
			"bar_index": 0
		},
		"key": {
			"key": "key.origins.primary_active"
		},
		"condition": {
			"type": "origins:and",
			"conditions": [
			{
				"type": "origins:relative_health",
				"comparison": "==",
				"compare_to": 1,
				"inverted": true
			},
			{
				"type": "origins:or",
				"conditions": [
				{
					"type": "origins:equipped_item",
					"equipment_slot": "mainhand",
					"item_condition": {
						"type": "origins:ingredient",
						"ingredient": {
							"tag": "golemancy:copper_consumable"
						}
					}
				},
				{
					"type": "origins:equipped_item",
					"equipment_slot": "offhand",
					"item_condition": {
						"type": "origins:ingredient",
						"ingredient": {
							"tag": "golemancy:copper_consumable"
						}
					}
				}
				]
			}
			]
		}
	},
	"immunity": {
		"type": "origins:effect_immunity",
		"effects": [
			"minecraft:instant_health",
			"minecraft:regeneration"
		]
	},
	"name": "Repairs Available",
	"description": "Your body cannot be naturally or magically mended. You instead repair by consuming Copper Ingots.",
	"badges": [
	{
		"sprite": "origins:textures/gui/badge/active.png",
		"text": "Active ability, use with %s while holding a copper ingot in your hands."
	}
	]
}