{
	"name": "Death's Arsenal",
	"description": "You start with items you gathered on your hunts as a rider of the night.",
    "type": "origins:starting_equipment",
    "stacks": [
        {
            "item": "minecraft:crossbow",
			"tag": "{Damage:375,display:{Name:'[{\"text\":\"Soulsplitter\",\"italic\":false,\"color\":\"aqua\"}]',Lore:['[{\"text\":\"A weapon familiar to you from a previous life.\"}]','[{\"text\":\"The stock is warped and worn,\",\"italic\":true}]','[{\"text\":\"with the carvings previously\",\"italic\":true}]','[{\"text\":\"adorning it no longer discernable.\",\"italic\":true}]']}}",
			"amount": 1
        },
	  {
            "item": "minecraft:arrow",
            "amount": 16
        },
		{
			"item": "minecraft:lantern",
			"slot": 40,
			"amount": 10
		},
		{
			"item": "minecraft:bone",
			"amount": 16
		},
		{
			"item": "minecraft:soul_sand",
			"amount": 3
		}
    ]
}