{
	"type": "origins:action_on_callback",
	"entity_action_added": { 
		"type": "origins:and",
		"actions": [
		{
			"type": "origins:execute_command",
			"command": "item replace entity @s armor.head with adaptedorigins:soul_pumpkin{display:{Name:'[{\"text\":\"Head of the Horseman\",\"italic\":false}]',Lore:['[{\"text\":\"The grim countenance of the dullahan.\",\"italic\":false}]','[{\"text\":\"In legend, the dullahan wields its severed head like a lantern.\",\"italic\":false}]']},Enchantments:[{id:binding_curse,lvl:1},{id:vanishing_curse,lvl:1},{id:protection,lvl:1}],HideFlags:1}",
			"permission_level": 4
		}
	]
	},
	"entity_action_gained": {
		"type": "origins:and",
		"actions": [
			{
				"type": "origins:execute_command",
				"command": "item replace entity @s armor.head with adaptedorigins:soul_pumpkin{display:{Name:'[{\"text\":\"Head of the Horseman\",\"italic\":false}]',Lore:['[{\"text\":\"The grim countenance of the dullahan.\",\"italic\":false}]','[{\"text\":\"In legend, the dullahan wields its severed head like a lantern.\",\"italic\":false}]']},Enchantments:[{id:binding_curse,lvl:1},{id:vanishing_curse,lvl:1},{id:protection,lvl:1}],HideFlags:1}",
				"permission_level": 4
			}
		]
	},
	"entity_action_respawned": { 
		"type": "origins:and",
		"actions": [
		{
			"type": "origins:execute_command",
			"command": "item replace entity @s armor.head with adaptedorigins:soul_pumpkin{display:{Name:'[{\"text\":\"Head of the Horseman\",\"italic\":false}]',Lore:['[{\"text\":\"The grim countenance of the dullahan.\",\"italic\":false}]','[{\"text\":\"In legend, the dullahan wields its severed head like a lantern.\",\"italic\":false}]']},Enchantments:[{id:binding_curse,lvl:1},{id:vanishing_curse,lvl:1},{id:protection,lvl:1}],HideFlags:1}",
			"permission_level": 4
		}
	]
	},
	"entity_action_removed": {
		"type": "origins:execute_command",
		"command": "item replace entity @s armor.head with air",
		"permission_level": 4
	},
	"entity_action_lost": {
		"type": "origins:execute_command",
		"command": "item replace entity @s armor.head with air",
		"permission_level": 4
	},
	"execute_chosen_when_orb": true,
	"name": "Horseman's Countenance",
	"description": "Your head is a hollow pumpkin illuminated by a cold blue flame. Its size hinders your ability to wear helmets."
}