{
    "type": "origins:active_self",
    "entity_action": {
        "type": "origins:and",
        "actions": [
            {
                "type": "origins:equipped_item_action",
                "equipment_slot": "mainhand",
                "action": {
                    "type": "origins:consume",
                    "amount": 1
                }
            },
            {
                "type": "origins:apply_effect",
                "effect": {
                    "effect": "minecraft:saturation",
                    "duration": 4,
                    "amplifier": 0,
                    "is_ambient": true,
                    "show_particles": false,
                    "show_icon": false
                }
            }
        ]
    },
    "cooldown": 10,
    "hud_render": {
        "should_render": false
    },
    "key": {
        "key": "key.use",
        "continuous": true
    },
    "condition": {
        "type": "origins:equipped_item",
        "equipment_slot": "mainhand",
        "item_condition": {
            "type": "origins:ingredient",
            "ingredient": {
                "item": "minecraft:soul_lantern"
            }
        }
    },
	"name":"\u00A7b\u00A7nSoul Devourer",
	"description":"Food does not satiate your wretched form. Instead, the Dullahan feeds on the \u00A7bsouls \u00A7rof their victims captured in \u00A7bsoul lanterns."
}