{
    "powers": [
        "dullahan:debuffs/daydebuffs",
        "dullahan:buffs/no_food",
        "dullahan:abilities/skull_bomb",
        "dullahan:abilities/nightmare_steed",
        "dullahan:abilities/hell_chain",
        "dullahan:buffs/nightbuffs",
        "dullahan:buffs/soul",
        "dullahan:buffs/campfire",
        "dullahan:abilities/lantern_kill",
        "dullahan:debuffs/no_lantern_crafting",
        "dullahan:debuffs/boned",
        "dullahan:debuffs/soul_seal",
        "dullahan:buffs/pumpkin_head",
        "dullahan:buffs/shadow",
        "dullahan:buffs/particles",
        "dullahan:buffs/kit",
        "dullahan:buffs/no_food",
        "dullahan:buffs/tooltips",
        "dredgeorigins:dullahan/campfire_damage"
    ],
    "icon": {
        "item": "minecraft:soul_lantern"
    },
    "order": 20,
    "impact": 3,
    "name": "Dullahan",
    "description": "An accursed headless horseman, who uses their nightmarish powers to trap the souls of their prey in lanterns."
}