{
    "name": "Little Baker",
    "description": "Your very own Hasbro® Easy-Bake Oven and Snack Center™! If you are holding bakers dough, you can make bread, cupcakes, and cookies. (Crouch and use). This product is not officially licensed by Hasbro®. Easy-Bake Oven and Snack Center™ is a registered trademark and no claim over ownership is made.",
    "condition": {
        "type": "origins:and",
        "conditions": [
            {
                "type": "origins:power_active",
                "power": "dredgeorigins:hazel/power_saving_mode",
                "inverted": true
            },
            {
                "type": "origins:or",
                "conditions": [
                    {
                        "type": "origins:resource",
                        "compare_to": 25,
                        "comparison": ">=",
                        "resource": "dredgeorigins:hazel/dynamo_power"
                    },
                    {
                        "type": "origins:resource",
                        "compare_to": 30,
                        "comparison": ">=",
                        "resource": "dredgeorigins:hazel/battery_power"
                    }
                ]
            },
            {
                "type": "origins:sneaking"
            },
            {
                "type": "origins:equipped_item",
                "equipment_slot": "mainhand",
                "item_condition": {
                    "type": "origins:ingredient",
                    "ingredient": {
                        "tag": "dredgeorigins:dough"
                    }
                }
            }
        ]
    },
    "type": "origins:active_self",
    "key": "key.use",
    "hud_render": {
        "should_render": false
    },
    "cooldown": 600,
    "entity_action": {
        "type": "origins:and",
        "actions": [
            {
                "type": "origins:if_else",
                "condition": {
                    "type": "origins:resource",
                    "compare_to": 0,
                    "comparison": ">",
                    "resource": "dredgeorigins:hazel/dynamo_power"
                },
                "if_action": {
                    "type": "origins:change_resource",
                    "change": -25,
                    "operation": "add",
                    "resource": "dredgeorigins:hazel/dynamo_power"
                },
                "else_action": {
                    "type": "origins:change_resource",
                    "change": -25,
                    "operation": "add",
                    "resource": "dredgeorigins:hazel/battery_power"
                }
            },
            {
                "type": "origins:and",
                "actions": [
                    {
                        "type": "origins:play_sound",
                        "sound": "supplementaries:block.crank",
                        "pitch": 2
                    },
                    {
                        "type": "origins:delay",
                        "action": {
                            "type": "origins:and",
                            "actions": [
                                {
                                    "type": "origins:modify_inventory",
                                    "slot": "weapon.mainhand",
                                    "item_action": {
                                        "type": "origins:consume"
                                    }
                                },
                                {
                                    "type": "origins:play_sound",
                                    "sound": "supplementaries:block.crank",
                                    "pitch": 2
                                },
                                {
                                    "type": "origins:delay",
                                    "action": {
                                        "type": "origins:and",
                                        "actions": [
                                            {
                                                "type": "origins:play_sound",
                                                "sound": "supplementaries:block.crank",
                                                "pitch": 2
                                            },
                                            {
                                                "type": "origins:delay",
                                                "action": {
                                                    "type": "origins:and",
                                                    "actions": [
                                                        {
                                                            "type": "origins:play_sound",
                                                            "sound": "supplementaries:block.crank",
                                                            "pitch": 2
                                                        },
                                                        {
                                                            "type": "origins:delay",
                                                            "action": {
                                                                "type": "origins:and",
                                                                "actions": [
                                                                    {
                                                                        "type": "origins:play_sound",
                                                                        "sound": "supplementaries:block.crank",
                                                                        "pitch": 2
                                                                    },
                                                                    {
                                                                        "type": "origins:delay",
                                                                        "action": {
                                                                            "type": "origins:and",
                                                                            "actions": [
                                                                                {
                                                                                    "type": "origins:play_sound",
                                                                                    "sound": "supplementaries:block.crank",
                                                                                    "pitch": 2
                                                                                },
                                                                                {
                                                                                    "type": "origins:delay",
                                                                                    "action": {
                                                                                        "type": "origins:and",
                                                                                        "actions": [
                                                                                            {
                                                                                                "type": "origins:play_sound",
                                                                                                "sound": "supplementaries:block.crank",
                                                                                                "pitch": 2
                                                                                            },
                                                                                            {
                                                                                                "type": "origins:delay",
                                                                                                "action": {
                                                                                                    "type": "origins:and",
                                                                                                    "actions": [
                                                                                                        {
                                                                                                            "type": "origins:play_sound",
                                                                                                            "pitch": 1.2,
                                                                                                            "sound": "minecraft:entity.arrow.hit_player"
                                                                                                        },
                                                                                                        {
                                                                                                            "type": "origins:choice",
                                                                                                            "actions": [
                                                                                                                {
                                                                                                                    "element": {
                                                                                                                        "type": "origins:give",
                                                                                                                        "preferred_slot": "mainhand",
                                                                                                                        "stack": {
                                                                                                                            "amount": 1,
                                                                                                                            "item": "bakery:croissant"
                                                                                                                        }
                                                                                                                    },
                                                                                                                    "weight": 1
                                                                                                                },
                                                                                                                {
                                                                                                                    "element": {
                                                                                                                        "type": "origins:give",
                                                                                                                        "preferred_slot": "mainhand",
                                                                                                                        "stack": {
                                                                                                                            "amount": 1,
                                                                                                                            "item": "bakery:crusty_bread"
                                                                                                                        }
                                                                                                                    },
                                                                                                                    "weight": 1
                                                                                                                },
                                                                                                                {
                                                                                                                    "element": {
                                                                                                                        "type": "origins:give",
                                                                                                                        "preferred_slot": "mainhand",
                                                                                                                        "stack": {
                                                                                                                            "amount": 1,
                                                                                                                            "item": "bakery:bread"
                                                                                                                        }
                                                                                                                    },
                                                                                                                    "weight": 1
                                                                                                                },
                                                                                                                {
                                                                                                                    "element": {
                                                                                                                        "type": "origins:give",
                                                                                                                        "preferred_slot": "mainhand",
                                                                                                                        "stack": {
                                                                                                                            "amount": 1,
                                                                                                                            "item": "bakery:baguette"
                                                                                                                        }
                                                                                                                    },
                                                                                                                    "weight": 1
                                                                                                                },
                                                                                                                {
                                                                                                                    "element": {
                                                                                                                        "type": "origins:give",
                                                                                                                        "preferred_slot": "mainhand",
                                                                                                                        "stack": {
                                                                                                                            "amount": 1,
                                                                                                                            "item": "bakery:toast"
                                                                                                                        }
                                                                                                                    },
                                                                                                                    "weight": 1
                                                                                                                },
                                                                                                                {
                                                                                                                    "element": {
                                                                                                                        "type": "origins:give",
                                                                                                                        "preferred_slot": "mainhand",
                                                                                                                        "stack": {
                                                                                                                            "amount": 1,
                                                                                                                            "item": "bakery:braided_bread"
                                                                                                                        }
                                                                                                                    },
                                                                                                                    "weight": 1
                                                                                                                },
                                                                                                                {
                                                                                                                    "element": {
                                                                                                                        "type": "origins:give",
                                                                                                                        "preferred_slot": "mainhand",
                                                                                                                        "stack": {
                                                                                                                            "amount": 1,
                                                                                                                            "item": "bakery:bun"
                                                                                                                        }
                                                                                                                    },
                                                                                                                    "weight": 1
                                                                                                                },
                                                                                                                {
                                                                                                                    "element": {
                                                                                                                        "type": "origins:give",
                                                                                                                        "preferred_slot": "mainhand",
                                                                                                                        "stack": {
                                                                                                                            "amount": 1,
                                                                                                                            "item": "bakery:strawberry_glazed_cookie"
                                                                                                                        }
                                                                                                                    },
                                                                                                                    "weight": 1
                                                                                                                },
                                                                                                                {
                                                                                                                    "element": {
                                                                                                                        "type": "origins:give",
                                                                                                                        "preferred_slot": "mainhand",
                                                                                                                        "stack": {
                                                                                                                            "amount": 1,
                                                                                                                            "item": "bakery:sweetberry_glazed_cookie"
                                                                                                                        }
                                                                                                                    },
                                                                                                                    "weight": 1
                                                                                                                },
                                                                                                                {
                                                                                                                    "element": {
                                                                                                                        "type": "origins:give",
                                                                                                                        "preferred_slot": "mainhand",
                                                                                                                        "stack": {
                                                                                                                            "amount": 1,
                                                                                                                            "item": "bakery:chocolate_glazed_cookie"
                                                                                                                        }
                                                                                                                    },
                                                                                                                    "weight": 1
                                                                                                                },
                                                                                                                {
                                                                                                                    "element": {
                                                                                                                        "type": "origins:give",
                                                                                                                        "preferred_slot": "mainhand",
                                                                                                                        "stack": {
                                                                                                                            "amount": 1,
                                                                                                                            "item": "bakery:strawberry_cupcake"
                                                                                                                        }
                                                                                                                    },
                                                                                                                    "weight": 1
                                                                                                                },
                                                                                                                {
                                                                                                                    "element": {
                                                                                                                        "type": "origins:give",
                                                                                                                        "preferred_slot": "mainhand",
                                                                                                                        "stack": {
                                                                                                                            "amount": 1,
                                                                                                                            "item": "bakery:sweetberry_cupcake"
                                                                                                                        }
                                                                                                                    },
                                                                                                                    "weight": 1
                                                                                                                },
                                                                                                                {
                                                                                                                    "element": {
                                                                                                                        "type": "origins:give",
                                                                                                                        "preferred_slot": "mainhand",
                                                                                                                        "stack": {
                                                                                                                            "amount": 1,
                                                                                                                            "item": "bakery:apple_cupcake"
                                                                                                                        }
                                                                                                                    },
                                                                                                                    "weight": 1
                                                                                                                },
                                                                                                                {
                                                                                                                    "element": {
                                                                                                                        "type": "origins:give",
                                                                                                                        "preferred_slot": "mainhand",
                                                                                                                        "stack": {
                                                                                                                            "amount": 1,
                                                                                                                            "item": "minecraft:bread"
                                                                                                                        }
                                                                                                                    },
                                                                                                                    "weight": 1
                                                                                                                },
                                                                                                                {
                                                                                                                    "element": {
                                                                                                                        "type": "origins:give",
                                                                                                                        "preferred_slot": "mainhand",
                                                                                                                        "stack": {
                                                                                                                            "amount": 1,
                                                                                                                            "item": "bakery:waffle"
                                                                                                                        }
                                                                                                                    },
                                                                                                                    "weight": 1
                                                                                                                }
                                                                                                            ]
                                                                                                        }
                                                                                                    ]
                                                                                                },
                                                                                                "ticks": 3
                                                                                            }
                                                                                        ]
                                                                                    },
                                                                                    "ticks": 3
                                                                                }
                                                                            ]
                                                                        },
                                                                        "ticks": 3
                                                                    }
                                                                ]
                                                            },
                                                            "ticks": 3
                                                        }
                                                    ]
                                                },
                                                "ticks": 3
                                            }
                                        ]
                                    },
                                    "ticks": 3
                                }
                            ]
                        },
                        "ticks": 3
                    }
                ]
            }
        ]
    }
}