{
    "name": "Power Saving Mode",
    "description": "You can drain power slower, but it reduces your capabilities.",
    "type": "origins:multiple",
    "mode": {
        "type": "origins:toggle",
        "active_by_default": false,
        "key": "key.origins.primary_active"
    },
    "slower": {
        "type": "origins:conditioned_attribute",
        "condition": {
            "type": "origins:power_active",
            "power": "dredgeorigins:hazel/power_saving_mode"
        },
        "modifiers": [
            {
                "attribute": "minecraft:generic.attack_damage",
                "operation": "multiply_base",
                "value": -0.5
            },
            {
                "attribute": "minecraft:generic.attack_speed",
                "operation": "multiply_base",
                "value": -0.5
            },
            {
                "attribute": "minecraft:generic.movement_speed",
                "operation": "multiply_base",
                "value": -0.5
            }
        ]
    },
    "overlay": {
        "type": "origins:overlay",
        "hidden": true,
        "texture": "minecraft:textures/misc/nausea.png",
        "red": 0.3,
        "green": 0.3,
        "blue": 0.2,
        "strength": 0.7,
        "draw_mode": "nausea",
        "draw_phase": "below_hud",
        "visible_in_third_person": false,
        "hide_with_hud": true,
        "condition": {
            "type": "origins:power_active",
            "power": "dredgeorigins:hazel/power_saving_mode"
        }
    }
}