{
    "name": "Sneaky small",
    "description": "A small body is harder to be seen. You are less than half a block tall.",
    "type": "origins:action_on_callback",
    "entity_action_chosen": {
        "type": "origins:execute_command",
        "command": "scale set pehkui:base 0.25"
    },
    "execute_chosen_when_orb": true,
    "entity_action_lost": {
        "type": "origins:execute_command",
        "command": "scale set pehkui:base 1"
    },
    "entity_action_removed": {
        "type": "origins:execute_command",
        "command": "scale set pehkui:base 1"
    },
    "entity_action_respawned": {
        "type": "origins:execute_command",
        "command": "scale set pehkui:base 0.25"
    }
}