{
    "name": "Sticky Climb",
    "description": "Allows you to climb walls at a faster pace but also stay at the same height without sneaking (primary power toggle to activate).",
    "type": "origins:multiple",
    "ascend": {
        "type": "origins:active_self",
        "entity_action": {
            "type": "origins:if_else",
            "condition": {
                "type": "origins:and",
                "conditions": [
                    {
                        "type": "origins:resource",
                        "resource": "*:*_resource",
                        "comparison": "==",
                        "compare_to": 1
                    },
                    {
                        "inverted": false,
                        "type": "origins:or",
                        "conditions": [
                            {
                                "inverted": false,
                                "type": "origins:block_collision",
                                "offset_x": 0.1,
                                "offset_y": 0,
                                "offset_z": 0.1
                            },
                            {
                                "inverted": false,
                                "type": "origins:block_collision",
                                "offset_x": -0.1,
                                "offset_y": 0,
                                "offset_z": -0.1
                            }
                        ]
                    }
                ]
            },
            "if_action": {
                "type": "origins:change_resource",
                "resource": "*:*_up_resource",
                "change": 4,
                "operation": "add"
            },
            "else_action": {
                "type": "origins:damage",
                "amount": 0,
                "source": {
                    "name": "null",
                    "bypasses_armor": true
                }
            }
        },
        "cooldown": 0,
        "hud_render": {
            "should_render": false
        },
        "key": {
            "key": "key.jump",
            "continuous": true
        }
    },
    "descend": {
        "type": "origins:active_self",
        "entity_action": {
            "type": "origins:change_resource",
            "resource": "*:*_down_resource",
            "change": 4,
            "operation": "add"
        },
        "cooldown": 0,
        "hud_render": {
            "should_render": false
        },
        "key": {
            "key": "key.sneak",
            "continuous": true
        }
    },
    "float": {
        "condition": {
            "type": "origins:resource",
            "resource": "*:*_resource",
            "comparison": "==",
            "compare_to": 1
        },
        "type": "origins:action_over_time",
        "interval": 1,
        "entity_action": {
            "type": "origins:if_else",
            "condition": {
                "inverted": true,
                "type": "origins:or",
                "conditions": [
                    {
                        "inverted": false,
                        "type": "origins:block_collision",
                        "offset_x": 0.1,
                        "offset_y": 0,
                        "offset_z": 0.1
                    },
                    {
                        "inverted": false,
                        "type": "origins:block_collision",
                        "offset_x": -0.1,
                        "offset_y": 0,
                        "offset_z": -0.1
                    }
                ]
            },
            "if_action": {
                "type": "origins:clear_effect",
                "effect": "minecraft:levitation"
            },
            "else_action": {
                "type": "origins:if_else",
                "condition": {
                    "type": "origins:resource",
                    "resource": "*:*_up_resource",
                    "comparison": "!=",
                    "compare_to": 0
                },
                "if_action": {
                    "type": "origins:apply_effect",
                    "effect": {
                        "effect": "minecraft:levitation",
                        "duration": 2,
                        "amplifier": 20,
                        "show_particles": false,
                        "show_icon": false
                    }
                },
                "else_action": {
                    "type": "origins:if_else",
                    "condition": {
                        "type": "origins:resource",
                        "resource": "*:*_down_resource",
                        "comparison": "!=",
                        "compare_to": 0
                    },
                    "if_action": {
                        "type": "origins:if_else",
                        "condition": {
                            "type": "origins:status_effect",
                            "effect": "minecraft:levitation",
                            "min_amplifier": 0
                        },
                        "if_action": {
                            "type": "origins:clear_effect",
                            "effect": "minecraft:levitation"
                        },
                        "else_action": {
                            "type": "origins:apply_effect",
                            "effect": {
                                "effect": "minecraft:levitation",
                                "duration": 2,
                                "amplifier": -20,
                                "show_particles": false,
                                "show_icon": false
                            }
                        }
                    },
                    "else_action": {
                        "type": "origins:apply_effect",
                        "effect": {
                            "effect": "minecraft:levitation",
                            "duration": 2,
                            "amplifier": -1,
                            "show_particles": false,
                            "show_icon": false
                        }
                    }
                }
            }
        }
    },
    "down_resource": {
        "type": "origins:resource",
        "min": 0,
        "max": 2,
        "start_value": 0,
        "hud_render": {
            "should_render": false
        }
    },
    "up_resource": {
        "type": "origins:resource",
        "min": 0,
        "max": 2,
        "start_value": 0,
        "hud_render": {
            "should_render": false
        }
    },
    "resource": {
        "type": "origins:resource",
        "min": 0,
        "max": 1,
        "start_value": 0,
        "hud_render": {
            "should_render": false
        }
    },
    "toggle": {
        "type": "origins:active_self",
        "entity_action": {
            "type": "origins:if_else",
            "condition": {
                "type": "origins:resource",
                "resource": "*:*_resource",
                "comparison": "==",
                "compare_to": 1
            },
            "if_action": {
                "type": "origins:change_resource",
                "resource": "*:*_resource",
                "change": -1,
                "operation": "add"
            },
            "else_action": {
                "type": "origins:change_resource",
                "resource": "*:*_resource",
                "change": 1,
                "operation": "add"
            }
        },
        "cooldown": 0,
        "hud_render": {
            "should_render": false,
            "sprite_location": "origins:textures/gui/resource_bar.png",
            "bar_index": 5
        },
        "key": {
            "key": "key.origins.primary_active"
        }
    },
    "drain1": {
        "type": "origins:action_over_time",
        "interval": 1,
        "entity_action": {
            "type": "origins:change_resource",
            "resource": "*:*_up_resource",
            "change": -1,
            "operation": "add"
        }
    },
    "drain2": {
        "type": "origins:action_over_time",
        "interval": 1,
        "entity_action": {
            "type": "origins:change_resource",
            "resource": "*:*_down_resource",
            "change": -1,
            "operation": "add"
        }
    }
}