{
    "name": "Extra reach",
    "description": "You can use  your tongue for extra reach!",
    "type": "origins:attribute",
    "modifiers": [
        {
            "attribute": "reach-entity-attributes:reach",
            "operation": "addition",
            "value": 25,
            "name": "Extra Reach block reach"
        },
        {
            "attribute": "reach-entity-attributes:attack_range",
            "operation": "addition",
            "value": 25,
            "name": "Extra Reach entity reach"
        }
    ],
    "update_health": true
}