{
  "name": "Strong fists",
  "description": "As long as both your hands are empty, your punches do an extra 2.5 hearts of damage to foes.",
  "type": "origins:modify_damage_dealt",
  "condition": {
    "type": "origins:and",
    "conditions": [
      {
        "type": "origins:equipped_item",
        "equipment_slot": "mainhand",
        "item_condition": {
          "type": "origins:empty"
        }
      },
      {
        "type": "origins:equipped_item",
        "equipment_slot": "offhand",
        "item_condition": {
          "type": "origins:empty"
        }
      }
    ]
  },
  "modifier": {
    "operation": "addition",
    "value": 5.0
  }
}