{
    "type": "origins:prevent_entity_render",
    "entity_condition": {
        "type": "origins:and",
        "conditions": [
            {
                "type": "origins:living"
            },
            {
                "type": "origins:power",
                "power": "dredgeoriginsextras:hidden_player"
            }
        ]
    },
    "bientity_condition": {
        "type": "origins:actor_condition",
        "condition": {
            "type": "origins:power",
            "power": "dredgeoriginsextras:see_hidden_player"
        },
        "inverted": true
    }
}