{
    "type": "origins:active_self",
    "hidden": true,
    "entity_action": {
        "type": "origins:raycast",
        "distance": 32,
        "block": true,
        "entity": true,
        "shape_type": "visual",
        "fluid_handling": "any",
        "command_at_hit": "particle dust 1.0 0.0 0.0 1 ~ ~.1 ~ 0 0 0 0 0 force @a",
        "command_step": 1,
        "command_along_ray_only_on_hit": true
    },
    "key": {
        "key": "key.use",
        "continuous": true
    },
    "hud_render": {
        "should_render": false
    },
    "condition": {
        "type": "origins:equipped_item",
        "equipment_slot": "mainhand",
        "item_condition": {
            "type": "origins:nbt",
            "nbt": "{laserPointer:1b}"
        }
    }
}