{
	"type": "origins:stacking_status_effect",
	"min_stacks": 0,
	"max_stacks": 4,
	"duration_per_stack": 40,
	"tick_rate": 20,
	"effects": [
		{
			"effect": "minecraft:speed",
			"is_ambient": false,
			"show_particles": false, 
			"show_icon": false,
			"amplifier": 0
		},
		{
			"effect": "minecraft:strength",
			"is_ambient": false,
			"show_particles": false,
			"show_icon": false,
			"amplifier": 1
		}
	],
	"condition": {
		"type": "origins:on_block",
		"block_condition": {
			"type": "origins:block",
			"block": "minecraft:dirt"
		}
	},
	"name": "Grass Support",
	"description": "Grass pushes supports you and makes you faster and stronger while in their territory.",
	"hidden": true
}