{   
	"type": "origins:modify_damage_taken", 
    "damage_condition": {
        "type": "origins:attacker",
        "entity_condition": {
            "type": "origins:equipped_item",
            "equipment_slot": "mainhand",
            "item_condition": {
                "type": "origins:ingredient",
                "ingredient": 
                    {
                    "item": "minecraft:netherite_axe"
                    }                                   
		    }                 
		}
	},
    "modifier": {
        "operation": "addition",
        "value": 10
    },
	"hidden": true
}