{   
	"type": "origins:modify_damage_taken", 
    "damage_condition": {
        "type": "origins:attacker",
        "entity_condition": {
            "type": "origins:equipped_item",
            "equipment_slot": "mainhand",
            "item_condition": {
                "type": "origins:ingredient",
                "ingredient": 
                    {
                    "item": "minecraft:iron_axe"
                    }                                   
		    }                 
		}
	},
    "modifier": {
        "operation": "addition",
        "value": 10
    },
	"name": "Tsekoupiphobia",
	"description": "Your bond with trees makes you share the same weaknesses. Take immense additional damage from axes."
}